-- MySQL dump 10.13  Distrib 5.5.43, for debian-linux-gnu (x86_64)
--
-- Host: localhost    Database: golden_leaf_test
-- ------------------------------------------------------
-- Server version	5.5.43-0ubuntu0.14.04.1

/*!40101 SET @OLD_CHARACTER_SET_CLIENT=@@CHARACTER_SET_CLIENT */;
/*!40101 SET @OLD_CHARACTER_SET_RESULTS=@@CHARACTER_SET_RESULTS */;
/*!40101 SET @OLD_COLLATION_CONNECTION=@@COLLATION_CONNECTION */;
/*!40101 SET NAMES utf8 */;
/*!40103 SET @OLD_TIME_ZONE=@@TIME_ZONE */;
/*!40103 SET TIME_ZONE='+00:00' */;
/*!40014 SET @OLD_UNIQUE_CHECKS=@@UNIQUE_CHECKS, UNIQUE_CHECKS=0 */;
/*!40014 SET @OLD_FOREIGN_KEY_CHECKS=@@FOREIGN_KEY_CHECKS, FOREIGN_KEY_CHECKS=0 */;
/*!40101 SET @OLD_SQL_MODE=@@SQL_MODE, SQL_MODE='NO_AUTO_VALUE_ON_ZERO' */;
/*!40111 SET @OLD_SQL_NOTES=@@SQL_NOTES, SQL_NOTES=0 */;

--
-- Table structure for table `announcements`
--

DROP TABLE IF EXISTS `announcements`;
/*!40101 SET @saved_cs_client     = @@character_set_client */;
/*!40101 SET character_set_client = utf8 */;
CREATE TABLE `announcements` (
  `id` int(10) unsigned NOT NULL AUTO_INCREMENT,
  `user_id` int(10) unsigned NOT NULL,
  `title` varchar(255) NOT NULL,
  `body` text NOT NULL,
  `hospital` varchar(255) DEFAULT NULL,
  `location` varchar(255) DEFAULT NULL,
  `active` varchar(1) NOT NULL,
  `created_at` datetime NOT NULL,
  `updated_at` datetime DEFAULT NULL,
  PRIMARY KEY (`id`),
  KEY `announcements_user_id_foreign` (`user_id`),
  CONSTRAINT `announcements_user_id_foreign` FOREIGN KEY (`user_id`) REFERENCES `users` (`id`)
) ENGINE=InnoDB AUTO_INCREMENT=115 DEFAULT CHARSET=utf8;
/*!40101 SET character_set_client = @saved_cs_client */;

--
-- Dumping data for table `announcements`
--

LOCK TABLES `announcements` WRITE;
/*!40000 ALTER TABLE `announcements` DISABLE KEYS */;
INSERT INTO `announcements` VALUES (60,42,'发布公告','黑底飞抵','南京协和','阿拉善','Y','2015-10-12 22:46:22','2015-10-12 22:46:22'),(61,249,'jjkk','，天天听','阿拉','北京','Y','2015-10-12 22:46:33','2015-10-12 22:46:33'),(62,42,'测试了','广告费的','各地喝','安康','Y','2015-10-12 22:46:47','2015-10-12 22:46:47'),(63,249,'1323','213123','12321','上海','Y','2015-10-12 23:29:22','2015-10-12 23:29:22'),(64,218,'hjgf','gjkhfsdg','6fgh','安康','Y','2015-10-12 23:55:30','2015-10-12 23:55:30'),(65,286,'231213','12321321','12321','重庆','Y','2015-10-13 07:55:57','2015-10-13 07:55:57'),(66,313,'内分泌','内分泌','协和','上海','Y','2015-10-14 00:08:07','2015-10-14 00:08:07'),(67,315,'更年期须知','内分泌','四川医科大','天津','Y','2015-10-14 11:33:15','2015-10-14 11:33:15'),(68,317,'内分泌','湖北宜昌会议于十一月十日召开。会议内容为绝经大会。欢迎广大患者及专业人士参加。具体形式为自由讨论。\n','湖北医院','湖北','Y','2015-10-15 19:51:37','2015-10-15 19:51:37'),(69,58,'更无忧真好～','协和医院真好，非常专业','协和医院','安康','Y','2015-10-19 10:20:28','2015-10-19 10:20:28'),(70,345,'更年期保健','保健知识\n','宜昌医院','湖北','Y','2015-10-19 18:30:46','2015-10-19 18:30:46'),(71,345,'更年期注意事项','更年期','宜昌医院','宜昌','Y','2015-10-19 19:40:07','2015-10-19 19:40:07'),(72,353,'更年期保健','更年期保健','宜昌医院','武汉','Y','2015-10-21 09:36:11','2015-10-21 09:36:11'),(73,353,'内分泌失调','内分泌失调','新疆','乌鲁木齐','Y','2015-10-21 10:02:37','2015-10-21 10:02:37'),(74,362,'321312','123213','123213','哈尔滨','Y','2015-10-21 13:27:03','2015-10-21 13:27:03'),(75,372,'高科技','计划后哥哥','我是','台北','Y','2015-10-22 09:25:35','2015-10-22 09:25:35'),(89,375,'。积极','？我是','这','香港','Y','2015-10-22 10:13:38','2015-10-22 10:13:38'),(90,374,'更年期的表现症状？','如果你经常感到疲劳乏力、容易累的时候，应该要注意了，这很有可能就是你处于更年期的表现。不过并不用太担心，这是因为40岁以上的女性进入更年期后，肾功能开始逐步衰退，只要情况不是严重的话，可以通过调养身体来改善。我妈妈之前也是这样的情况，全身乏力容易累，喝静心口服液一段时间后，情况好转了很多，浑身有劲多了，精神状态很好。建议你也尝试喝静心口服液，纯本草无添加，可以缓解更年期症状！','复旦大学附属医院','上海','Y','2015-10-22 10:14:54','2015-10-22 10:14:54'),(91,375,'，很','刚刚好','我','香港','Y','2015-10-22 10:32:24','2015-10-22 10:32:24'),(92,375,'，哥哥','，哭','我','香港','Y','2015-10-22 10:34:30','2015-10-22 10:34:30'),(93,375,'。我','。把','你','北京','Y','2015-10-22 11:49:54','2015-10-22 11:49:54'),(94,375,'我','红红火火','这','香港','Y','2015-10-22 12:01:22','2015-10-22 12:01:22'),(95,375,'，gg','哥哥哥哥j','。我','台北','Y','2015-10-22 12:03:17','2015-10-22 12:03:17'),(96,376,'哈哈哈哈','挂号费','远远近近','北京','Y','2015-10-22 14:19:12','2015-10-22 14:19:12'),(97,383,'更年期主要症状','更年期','安阳','安阳','Y','2015-10-22 17:06:43','2015-10-22 17:06:43'),(98,385,'更年期综合','更年期座谈','安徽医院','福州','Y','2015-10-22 19:55:22','2015-10-22 19:55:22'),(99,390,'内分泌','内分泌研究探讨','nfm','安阳','Y','2015-10-23 17:21:30','2015-10-23 17:21:30'),(100,396,'内分泌更年期','内分泌更年期','嘉峪关医院','哈尔滨','Y','2015-10-24 17:21:16','2015-10-24 17:21:16'),(101,399,'内分泌分类','内分泌','桂林','乐山','Y','2015-10-24 19:23:03','2015-10-24 19:23:03'),(102,441,'自我保健','自我保健','马鞍山','北海','Y','2015-10-26 10:56:50','2015-10-26 10:56:50'),(103,438,'Hao Hao','真的很不错～','复旦大学附属医院','邵阳','Y','2015-10-26 11:09:33','2015-10-26 11:09:33'),(104,441,'bc','更年期','bc','石家庄','Y','2015-10-26 11:20:42','2015-10-26 11:20:42'),(105,441,'问诊','问诊','北京医院','奉化','Y','2015-10-26 11:52:48','2015-10-26 11:52:48'),(106,446,'oooo','cjhfhjkkkjbbhjgdddgg','协合医院','北京','Y','2015-10-26 12:05:41','2015-10-26 12:05:41'),(107,455,'你是谁','你说你是谁','协和','北京','Y','2015-10-26 13:33:17','2015-10-26 13:33:17'),(108,438,'好好休息','测试公告！','协和医院','北京','Y','2015-10-27 08:14:01','2015-10-27 08:14:01'),(109,375,'we','I','really','北京','Y','2015-10-29 11:13:35','2015-10-29 11:13:35'),(110,457,'hao','好APP不错','人民医院','台北','Y','2015-10-29 15:49:10','2015-10-29 15:49:10'),(111,457,'gghhjj','g j j g f f h j k','f g h j j f f g h j h f','上海','Y','2015-10-29 15:56:45','2015-10-29 15:56:45'),(112,457,'f g h j','cghjkkjd','f g h j f f f g j k','北京','Y','2015-10-29 15:58:42','2015-10-29 15:58:42'),(113,375,'我高科技','哈哈哈啊','我的','台北','Y','2015-10-29 16:47:18','2015-10-29 16:47:18'),(114,457,'ddd','Sdgggfr','rff','台北','Y','2015-10-29 16:52:47','2015-10-29 16:52:47');
/*!40000 ALTER TABLE `announcements` ENABLE KEYS */;
UNLOCK TABLES;

--
-- Table structure for table `answers`
--

DROP TABLE IF EXISTS `answers`;
/*!40101 SET @saved_cs_client     = @@character_set_client */;
/*!40101 SET character_set_client = utf8 */;
CREATE TABLE `answers` (
  `id` int(10) unsigned NOT NULL AUTO_INCREMENT,
  `user_id` int(10) unsigned NOT NULL,
  `question_1` varchar(1) COLLATE utf8_unicode_ci DEFAULT NULL,
  `question_2` varchar(1) COLLATE utf8_unicode_ci DEFAULT NULL,
  `question_3` varchar(1) COLLATE utf8_unicode_ci DEFAULT NULL,
  `question_4` varchar(1) COLLATE utf8_unicode_ci DEFAULT NULL,
  `question_5` varchar(1) COLLATE utf8_unicode_ci DEFAULT NULL,
  `question_6` varchar(1) COLLATE utf8_unicode_ci DEFAULT NULL,
  `question_7` varchar(1) COLLATE utf8_unicode_ci DEFAULT NULL,
  `question_8` varchar(1) COLLATE utf8_unicode_ci DEFAULT NULL,
  `question_9` varchar(1) COLLATE utf8_unicode_ci DEFAULT NULL,
  `question_10` varchar(1) COLLATE utf8_unicode_ci DEFAULT NULL,
  `question_11` varchar(1) COLLATE utf8_unicode_ci DEFAULT NULL,
  `question_12` varchar(1) COLLATE utf8_unicode_ci DEFAULT NULL,
  `created_at` datetime NOT NULL,
  `updated_at` datetime DEFAULT NULL,
  PRIMARY KEY (`id`),
  KEY `answers_user_id_foreign` (`user_id`),
  CONSTRAINT `answers_user_id_foreign` FOREIGN KEY (`user_id`) REFERENCES `users` (`id`)
) ENGINE=InnoDB AUTO_INCREMENT=8 DEFAULT CHARSET=utf8 COLLATE=utf8_unicode_ci;
/*!40101 SET character_set_client = @saved_cs_client */;

--
-- Dumping data for table `answers`
--

LOCK TABLES `answers` WRITE;
/*!40000 ALTER TABLE `answers` DISABLE KEYS */;
INSERT INTO `answers` VALUES (1,1,'问','问','问','问','问','问','问','问','问','问','问','问','2015-09-04 15:51:34','2015-09-04 15:51:36'),(4,1,NULL,NULL,NULL,NULL,NULL,NULL,NULL,NULL,NULL,NULL,NULL,NULL,'0000-00-00 00:00:00',NULL),(5,466,'y','n',NULL,NULL,NULL,NULL,NULL,NULL,NULL,NULL,NULL,NULL,'2016-01-21 16:52:28','2016-01-26 01:34:05'),(6,466,NULL,NULL,NULL,NULL,NULL,NULL,NULL,NULL,NULL,NULL,NULL,NULL,'2016-01-23 09:04:59','2016-01-23 09:04:59'),(7,470,NULL,NULL,NULL,NULL,NULL,NULL,NULL,NULL,NULL,NULL,NULL,NULL,'2016-01-26 01:34:55','2016-01-26 02:02:40');
/*!40000 ALTER TABLE `answers` ENABLE KEYS */;
UNLOCK TABLES;

--
-- Table structure for table `appointments`
--

DROP TABLE IF EXISTS `appointments`;
/*!40101 SET @saved_cs_client     = @@character_set_client */;
/*!40101 SET character_set_client = utf8 */;
CREATE TABLE `appointments` (
  `id` int(10) unsigned NOT NULL AUTO_INCREMENT,
  `user_id` int(10) unsigned NOT NULL,
  `creator_id` int(10) unsigned NOT NULL,
  `doctor_id` int(10) unsigned NOT NULL,
  `date_time` datetime NOT NULL,
  `registration_no` varchar(50) COLLATE utf8_unicode_ci NOT NULL,
  `active` varchar(1) COLLATE utf8_unicode_ci NOT NULL,
  `created_at` datetime NOT NULL,
  `updated_at` datetime DEFAULT NULL,
  PRIMARY KEY (`id`),
  KEY `appointments_user_id_foreign` (`user_id`),
  KEY `appointments_creator_id_foreign` (`creator_id`),
  KEY `appointments_doctor_id_foreign` (`doctor_id`),
  CONSTRAINT `appointments_creator_id_foreign` FOREIGN KEY (`creator_id`) REFERENCES `users` (`id`),
  CONSTRAINT `appointments_doctor_id_foreign` FOREIGN KEY (`doctor_id`) REFERENCES `doctors` (`id`),
  CONSTRAINT `appointments_user_id_foreign` FOREIGN KEY (`user_id`) REFERENCES `users` (`id`)
) ENGINE=InnoDB AUTO_INCREMENT=122 DEFAULT CHARSET=utf8 COLLATE=utf8_unicode_ci;
/*!40101 SET character_set_client = @saved_cs_client */;

--
-- Dumping data for table `appointments`
--

LOCK TABLES `appointments` WRITE;
/*!40000 ALTER TABLE `appointments` DISABLE KEYS */;
INSERT INTO `appointments` VALUES (5,476,460,68,'2012-12-12 08:08:08','asdjklf','Y','2016-01-31 18:40:10','2016-01-31 18:40:10'),(6,475,478,68,'2012-12-12 08:08:08','hfcjjhbk','Y','2016-01-31 23:14:43','2016-01-31 23:14:43'),(7,475,478,68,'2012-12-12 08:08:08','asdfskl','Y','2016-02-03 13:49:29','2016-02-03 13:49:29'),(8,475,478,68,'2002-12-12 08:08:08','asdfskl','Y','2016-02-03 13:51:23','2016-02-03 13:51:23'),(9,475,478,68,'2016-01-04 16:01:00','fhjvcv','Y','2016-02-03 14:02:23','2016-02-03 14:02:23'),(10,460,478,65,'2016-01-03 04:40:00','fgj','Y','2016-02-03 17:40:46','2016-02-03 17:40:46'),(11,460,478,65,'2016-01-03 04:56:00','gh\n\n\n\n\n\n\n','Y','2016-02-03 17:53:41','2016-02-03 17:53:41'),(12,460,478,67,'2016-01-03 04:57:00','hhbhgg','Y','2016-02-03 18:00:22','2016-02-03 18:00:22'),(13,460,478,67,'2017-01-01 05:04:00','bshj','Y','2016-02-03 18:03:57','2016-02-03 18:03:57'),(14,475,478,68,'2016-01-03 05:11:00','gbccvh','Y','2016-02-03 18:11:40','2016-02-03 18:11:40'),(15,478,478,65,'2017-01-03 08:59:00','gjjgh','Y','2016-02-03 21:59:48','2016-02-03 21:59:48'),(16,475,478,65,'2012-12-12 08:08:08','asjdkflsdf','Y','2016-02-04 00:18:40','2016-02-04 00:18:40'),(17,475,478,68,'2012-12-12 08:08:08','asjdkflsdf','Y','2016-02-04 00:38:25','2016-02-04 00:38:25'),(18,487,478,65,'2016-01-08 02:59:00','123456','Y','2016-02-04 03:03:36','2016-02-04 03:03:36'),(19,473,473,21,'2016-02-14 11:11:11','123','Y','2016-02-05 15:59:27','2016-02-05 15:59:27'),(20,475,476,68,'2012-12-12 08:08:08','asjdfklsjl','Y','2016-02-05 07:26:23','2016-02-05 07:26:23'),(21,475,476,68,'2012-12-12 08:08:08','asjdfklsjl','Y','2016-02-05 07:26:50','2016-02-05 07:26:50'),(22,475,476,68,'2012-12-12 08:08:08','asjdfklsjl','Y','2016-02-05 07:27:40','2016-02-05 07:27:40'),(23,475,476,68,'2012-12-12 08:08:08','asjdfklsjl','Y','2016-02-05 07:28:26','2016-02-05 07:28:26'),(24,475,476,68,'2012-12-12 08:08:08','asjdfklsjl','Y','2016-02-05 07:29:05','2016-02-05 07:29:05'),(25,475,476,68,'2012-12-12 08:08:08','asjdfklsjl','Y','2016-02-05 07:29:44','2016-02-05 07:29:44'),(26,475,476,68,'2012-12-12 08:08:08','asjdfklsjl','Y','2016-02-05 07:30:45','2016-02-05 07:30:45'),(27,475,476,68,'2012-12-12 08:08:08','asjdfklsjl','Y','2016-02-05 07:34:37','2016-02-05 07:34:37'),(28,475,476,68,'2012-12-12 08:08:08','asjdfklsjl','Y','2016-02-05 07:35:29','2016-02-05 07:35:29'),(29,475,476,68,'2012-12-12 08:08:08','asjdfklsjl','Y','2016-02-05 07:38:03','2016-02-05 07:38:03'),(30,475,476,68,'2012-12-12 08:08:08','asjdfklsjl','Y','2016-02-05 07:39:12','2016-02-05 07:39:12'),(31,475,476,68,'2012-12-12 08:08:08','asjdfklsjl','Y','2016-02-05 07:43:26','2016-02-05 07:43:26'),(32,475,476,68,'2012-12-12 08:08:08','asjdfklsjl','Y','2016-02-05 08:20:59','2016-02-05 08:20:59'),(33,475,478,68,'2012-12-12 08:08:08','sjdkflsajfklasjdfklsa','Y','2016-02-05 23:27:45','2016-02-05 23:27:45'),(34,487,478,65,'2016-01-05 10:48:00','hbjjhb','Y','2016-02-05 23:48:44','2016-02-05 23:48:44'),(35,475,478,65,'2016-01-05 10:48:00','dhdhbdd','Y','2016-02-05 23:49:07','2016-02-05 23:49:07'),(36,475,478,65,'2016-01-05 11:33:00','ggkvx','Y','2016-02-06 00:33:52','2016-02-06 00:33:52'),(37,473,473,65,'2016-02-14 11:11:11','123','Y','2016-02-06 07:53:09','2016-02-06 07:53:09'),(38,473,478,65,'2016-02-08 16:01:00','123','Y','2016-02-06 08:01:27','2016-02-06 08:01:27'),(39,473,478,65,'2016-02-08 16:02:00','123','Y','2016-02-06 08:02:09','2016-02-06 08:02:09'),(40,475,478,65,'2016-01-05 19:28:00','ggji','Y','2016-02-06 08:28:21','2016-02-06 08:28:21'),(41,475,478,65,'2016-01-05 19:28:00','gghu','Y','2016-02-06 08:28:48','2016-02-06 08:28:48'),(42,475,478,65,'2017-01-05 19:32:00','ghh','Y','2016-02-06 08:32:27','2016-02-06 08:32:27'),(43,475,478,68,'2012-12-12 08:08:08','sjdkflsajfklasjdfklsa','Y','2016-02-05 19:33:57','2016-02-05 19:33:57'),(44,475,478,65,'2016-01-05 19:36:00','hggg','Y','2016-02-06 08:37:01','2016-02-06 08:37:01'),(45,475,478,65,'2015-11-05 19:38:00','ghhch','Y','2016-02-06 08:38:36','2016-02-06 08:38:36'),(46,475,478,68,'0000-00-00 00:00:00','sjdkflsajfklasjdfklsa','Y','2016-02-05 19:39:33','2016-02-05 19:39:33'),(47,475,478,68,'2012-12-12 08:08:08','sjdkflsajfklasjdfklsa','Y','2016-02-05 19:39:57','2016-02-05 19:39:57'),(48,475,478,65,'2016-11-05 19:41:00','gdss','Y','2016-02-06 08:41:40','2016-02-06 08:41:40'),(49,475,478,65,'0000-00-00 00:00:00','jhvc','Y','2016-02-06 08:42:43','2016-02-06 08:42:43'),(50,475,478,65,'0000-00-00 00:00:00','fucucu','Y','2016-02-06 08:44:22','2016-02-06 08:44:22'),(51,475,478,65,'0000-00-00 00:00:00','455','Y','2016-02-06 08:47:15','2016-02-06 08:47:15'),(52,475,478,65,'2016-02-05 19:49:00','hhbb','Y','2016-02-06 08:49:16','2016-02-06 08:49:16'),(53,475,478,65,'2016-02-05 19:50:00','thhhh','Y','2016-02-06 08:50:15','2016-02-06 08:50:15'),(54,475,478,65,'2016-02-05 19:50:00','lpoop','Y','2016-02-06 08:50:37','2016-02-06 08:50:37'),(55,473,478,65,'2016-02-08 13:36:00','789','Y','2016-02-07 05:36:31','2016-02-07 05:36:31'),(56,473,478,65,'2016-02-08 13:49:00','456','Y','2016-02-07 05:49:41','2016-02-07 05:49:41'),(57,487,478,65,'2016-02-09 04:32:00','1234567','Y','2016-02-07 20:32:25','2016-02-07 20:32:25'),(58,487,478,65,'2016-02-09 04:50:00','3421','Y','2016-02-07 20:51:07','2016-02-07 20:51:07'),(71,473,478,65,'2016-02-08 15:18:00','abc','Y','2016-02-08 07:18:41','2016-02-08 07:18:41'),(72,473,478,65,'2016-02-10 15:18:00','abc','Y','2016-02-08 07:18:56','2016-02-08 07:18:56'),(73,473,478,65,'2016-02-19 15:24:00','asdf','Y','2016-02-08 07:24:42','2016-02-08 07:24:42'),(74,475,478,65,'2016-02-12 21:02:00','ghjc','Y','2016-02-08 10:07:58','2016-02-08 10:07:58'),(75,475,478,68,'2016-01-07 21:44:00','djhdbddbdjd','Y','2016-02-08 10:44:37','2016-02-08 10:44:37'),(76,475,478,65,'2016-03-08 21:50:00','dhshss','Y','2016-02-08 10:58:00','2016-02-08 10:58:00'),(77,475,478,65,'2015-07-07 21:59:00','shhdd','Y','2016-02-08 11:00:01','2016-02-08 11:00:01'),(78,487,478,65,'2016-02-15 23:47:00','15786','Y','2016-02-09 15:47:20','2016-02-09 15:47:20'),(79,487,478,65,'2016-02-22 06:33:00','8999','Y','2016-02-09 22:34:09','2016-02-09 22:34:09'),(80,473,473,65,'2016-02-14 11:11:11','123','Y','2016-02-10 03:12:24','2016-02-10 03:12:24'),(86,500,492,65,'2016-02-12 20:40:00','1','Y','2016-02-12 20:38:18','2016-02-12 20:38:18'),(88,475,478,64,'2016-02-20 16:53:00','plsjssb','Y','2016-02-14 05:53:03','2016-02-14 05:53:03'),(89,475,478,18,'2016-02-13 17:41:00','djdbgf','Y','2016-02-14 06:41:29','2016-02-14 06:41:29'),(90,475,478,64,'2015-07-13 18:40:00','51848464618','Y','2016-02-14 07:40:22','2016-02-14 07:40:22'),(91,475,478,18,'2016-02-13 18:47:00','999999','Y','2016-02-14 07:47:47','2016-02-14 07:47:47'),(96,475,502,65,'2012-12-12 08:08:08','sdjfklsdjfkls','Y','2016-02-18 12:22:01','2016-02-18 12:22:01'),(99,475,502,65,'2016-02-18 14:15:00','hshsbsvss','Y','2016-02-19 03:17:29','2016-02-19 03:17:29'),(100,475,502,68,'2016-02-18 14:18:00','now','Y','2016-02-19 03:18:56','2016-02-19 03:18:56'),(101,475,502,65,'2016-02-18 10:06:00','sjjssj','Y','2016-02-19 04:06:49','2016-02-19 04:06:49'),(102,475,502,65,'2016-02-18 10:12:00','ghg','Y','2016-02-19 04:12:48','2016-02-19 04:12:48'),(103,475,502,65,'2016-02-18 10:19:00','eehdbdbhshhpoo','Y','2016-02-19 04:19:59','2016-02-19 04:19:59'),(104,475,502,65,'2016-02-18 10:27:00','hdhdbdbf','Y','2016-02-19 04:27:18','2016-02-19 04:27:18'),(105,475,460,68,'2012-12-12 08:08:08','asdjfkls','Y','2016-02-19 04:44:55','2016-02-19 04:44:55'),(106,475,460,68,'2012-12-12 08:08:08','asdjfkls','Y','2016-02-19 04:45:13','2016-02-19 04:45:13'),(107,475,502,65,'2016-02-18 10:47:00','cucuvi','Y','2016-02-19 04:47:35','2016-02-19 04:47:35'),(108,475,502,65,'2016-02-18 10:51:00','ggfdf','Y','2016-02-19 04:51:21','2016-02-19 04:51:21'),(109,475,502,65,'2016-02-18 11:03:00','fhk','Y','2016-02-19 05:03:12','2016-02-19 05:03:12'),(110,475,502,65,'2016-02-18 11:05:00','ggdfg','Y','2016-02-19 05:06:34','2016-02-19 05:06:34'),(111,475,502,65,'2016-02-18 11:12:00','djdjd','Y','2016-02-19 05:12:09','2016-02-19 05:12:09'),(112,475,502,65,'0000-00-00 00:00:00','rfff','Y','2016-02-19 05:19:50','2016-02-19 05:19:50'),(113,475,502,65,'2016-02-18 21:21:00','hhj','Y','2016-02-19 05:22:01','2016-02-19 05:22:01'),(114,475,460,68,'0000-00-00 00:00:00','asdjfkls','Y','2016-02-18 17:17:15','2016-02-18 17:17:15'),(115,475,460,68,'0000-00-00 00:00:00','asdjfkls','Y','2016-02-18 17:18:15','2016-02-18 17:18:15'),(116,475,460,68,'0000-00-00 00:00:00','asdjfkls','Y','2016-02-18 17:18:47','2016-02-18 17:18:47'),(117,475,460,68,'0000-00-00 00:00:00','asdjfkls','Y','2016-02-18 17:19:34','2016-02-18 17:19:34'),(118,475,460,68,'0000-00-00 00:00:00','asdjfkls','Y','2016-02-18 17:20:04','2016-02-18 17:20:04'),(119,475,460,68,'0000-00-00 00:00:00','asdjfkls','Y','2016-02-18 17:20:42','2016-02-18 17:20:42'),(120,475,460,68,'2016-02-18 05:08:00','asdjfkls','Y','2016-02-18 17:21:55','2016-02-18 17:21:55'),(121,475,502,65,'2016-02-18 17:30:00','ehrrrr','Y','2016-02-19 06:30:23','2016-02-19 06:30:23');
/*!40000 ALTER TABLE `appointments` ENABLE KEYS */;
UNLOCK TABLES;

--
-- Table structure for table `articles`
--

DROP TABLE IF EXISTS `articles`;
/*!40101 SET @saved_cs_client     = @@character_set_client */;
/*!40101 SET character_set_client = utf8 */;
CREATE TABLE `articles` (
  `id` int(10) unsigned NOT NULL AUTO_INCREMENT,
  `user_id` int(10) unsigned NOT NULL,
  `title` varchar(150) COLLATE utf8_unicode_ci NOT NULL,
  `body` mediumtext COLLATE utf8_unicode_ci NOT NULL,
  `category` varchar(255) COLLATE utf8_unicode_ci DEFAULT NULL,
  `picture` mediumtext COLLATE utf8_unicode_ci,
  `active` varchar(1) COLLATE utf8_unicode_ci NOT NULL,
  `created_at` datetime NOT NULL,
  `updated_at` datetime DEFAULT NULL,
  PRIMARY KEY (`id`),
  KEY `articles_user_id_foreign` (`user_id`),
  CONSTRAINT `articles_user_id_foreign` FOREIGN KEY (`user_id`) REFERENCES `users` (`id`)
) ENGINE=InnoDB AUTO_INCREMENT=9 DEFAULT CHARSET=utf8 COLLATE=utf8_unicode_ci;
/*!40101 SET character_set_client = @saved_cs_client */;

--
-- Dumping data for table `articles`
--

LOCK TABLES `articles` WRITE;
/*!40000 ALTER TABLE `articles` DISABLE KEYS */;
INSERT INTO `articles` VALUES (1,1,'可以缓解口臭的两个验方','河南秦先生咨询：我有口臭的毛病已经很多年了，有一次儿子跟我玩的时候说我嘴巴太臭啦。后来我跟朋友、同事交流的时候都不敢离他们太近。请问有什么方子可以缓解吗？\r\n　　河南中医学院第一附属医院耳鼻喉科主任医师梅祥胜点评：通常情况下，口臭跟脾胃湿热有关。中医讲：“胃主受纳，脾主运化；胃气主降，使饮食物及其糟粕得以下行，脾气主升，则饮食物之精华得以营养全身”。如果脾胃湿热的话，就会湿邪困脾、脾阳不升。另外，还会导致“胃气不降、浊气上升”。而这种“浊气上升”就会顺着食道上行到口腔，进而在口腔中形成类似于食物腐熟的味道，产生口臭。\r\n　　给口臭患者推荐两个验方。\r\n　　1.荷叶茶。每天用荷叶3~5克泡水喝，荷叶除了有清热利湿的作用之外，还可以健脾助阳，所以，用荷叶代茶饮可以清利湿热。\r\n　　2.淘米水漱口。淘米水具有一定的消炎、杀菌、清洁作用，并有一定的吸附能力。适用于由于口腔不洁导致的口臭。在我国一些地区，至今还保留着用蘸过淘米水的纱布给孩子清洁口腔的习惯。','饮食','/images/upload_f2465c687e82274ed5ecc3ea448ab846.png','1','2015-09-04 15:54:43','2015-09-04 15:54:45'),(2,1,'导致便秘的七个坏习惯','便秘是临床常见的复杂症状，而不是一种疾病，主要是指排便次数减少、粪便量减少、粪便干结、排便费力等。由于便秘是一种较为普遍的症状，症状轻重不一，大部分人常常不去特殊理会，认为便秘不是病，不用治疗，但实际上便秘的危害很大。便秘的“报警”征象包括便血、贫血、消瘦、发热、黑便、腹痛等和肿瘤家族史。如果出现“报警”征象应马上去医院就诊，作进一步检查。\r\n　　正常的动物都不受便秘困扰，为什么人会有呢？便秘不是病，但是一便秘起来真要命。看看下面的便秘七大原因，找找你是否有这样的坏习惯。\r\n　　原因1：没有定时排便\r\n　　当你有便意时，千万不要先“忍一忍”。当你抑制了这一阵便意后，过后再想排便就很难了。因为久而久之肠道就会失去对粪便刺激的敏感性，答辩在场内停留过久就会变得又干又硬。所以，不妨将“排便”视为头等大事，当有便意时，要第一时间去解决它。\r\n　　原因2：便便时看书或报纸\r\n　　总有这样的一些人，去厕所的时候肯定要拿本书或报纸。这其实是个非常不好的习惯。大便不畅的时候，坐在马桶上，看着书、报纸，似乎很悠哉，不过，很多人可能不知道，10分钟以后，如果您还坐在马桶上，就会给肛门造成不必要的压迫，肛门的健康就是这样悄悄被破坏的。\r\n　　原因3：常穿塑腰带或塑身衣\r\n　　紧身衣抑制了调节排便活动的副交感神经，使大肠内分泌的消化液减少，在小肠中，将食物分解向前推的气力变弱，于是食物残渣在经过大肠的时候，要比正常的时候费时。这位教授指出，就是在这个过程中，很轻易产生便秘。所以说，便秘重症的女士，尽量不要穿紧身衣，特殊是睡觉的时候，更不要给身体太多的束缚。\r\n　　原因4：习惯性地服用便秘药\r\n　　如若长期服用便秘药，必定会对身体造成伤害。因为不能用自身能力进行排便，而是要借助外力，进而产生依赖影响。长期以往肠壁会变薄，从而伤害身体。\r\n　　原因5：饮食过于精细少渣\r\n　　随着我国经济发展和生活水平的提高，人们增加了动物性食物的消费，鸡、鸭、鱼、肉等荤食吃得越来越多，谷类食物吃得越来越少，且以精米、精面为主。由于食物过于精细，膳食纤维的摄入量减少，使得肠道蠕动缓慢、排便不畅而造成便秘。据我国居民营养调查发现，平均每人每日的膳食纤维摄入量已由过去的26克下降至17克。\r\n　　原因6：液体量摄入不足\r\n　　便秘患者一天最好喝8~10杯水。特别是早晨起来，空腹喝一杯温水，可以唤醒大肠，刺激胃肠的反应。再说，大便的70%都是水分，从这一点看，充足的水分摄取，在改善便秘方面是非常有必要的。因为如果我们的身体缺水，大便中的水分就会被大肠吸收出去，结果大便就会变得干燥。硬结的大便很难润滑地通过直肠和肛门，这就造成排便的痛苦，给肛门造成伤害，引起肛裂等不良症状。\r\n　　原因7：运动量少\r\n　　久坐少动，长期不喜欢运动，肠道蠕动慢，肌肉收缩无力，腹压降低使得排便动力不足，很容易发生便秘。','饮食','/images/upload_57eae32c0e6fa0eddca41d30ed1c36a7.png','','2015-09-04 15:54:43','2015-09-04 15:54:45'),(3,1,'远离癌症的十种生活方式','2010年中国恶性肿瘤发病与死亡数据显示，全国癌症新发病例约为309.3万例，发病率为235.2/10万，平均下来每天约有近8500人患癌；2010年我国癌症死亡病例约为195.6万例，死亡率为148.8/10万，平均每天约有5300余人死于癌症。2013年亚太抗癌大会上专家指出，中国每年新增癌症患者数量已占到全球的20%以上。而且，癌症高发的势头丝毫没有逆转趋势。以北京为例，北京市肿瘤防治研究办公室副主任王宁明确指出：“10年之内，发病率肯定下不来，能进入平台期就不错了。”\r\n　　科学研究已经证实，大多数癌症的病因与生活方式有关。美国癌症研究所出版的《癌症止步》一书中就指出，77%的癌症根源在于生活方式，而遗传和环境只占到14%和9%，因此，每个人都应学会主动截断致癌的危险因素。近日，台湾《康健》杂志就刊文指出，10种生活方式有助于人们远离癌症。《生命时报》也采访权威专家，教您防癌秘诀。\r\n远离癌症的十种生活方式\r\n　　盯住体重指数。美国针对全球188个国家的调查显示，中国肥胖人口约为4600万，仅次于美国，是全球“第二胖”的国家，而肥胖可能诱发癌症。美国研究显示，约49%的子宫内膜癌、35%的食道癌、28%的胰腺癌都是肥胖惹得祸。台湾专家认为，脂肪细胞可能会间接促进癌细胞生长。北京朝阳医院沈雁英教授建议，人们最好盯住体重指数(BMI)，计算方法是体重(千克)除以身高(米)的平方，如果BMI超过24即为超重，超过30则是肥胖。肥胖人群应少吃多动、减少脂肪和糖的摄入、每天运动，控制体重。\r\n　　适时生育，选择母乳喂养。如今，晚婚晚育已成为城市女性的普遍趋势。然而，晚育或放弃生育不利于防癌。美国研究指出，女性一生中如有一次完整孕育过程，能增加10年免疫力，患卵巢癌、乳腺癌等妇科肿瘤的风险将大大降低。母乳喂养也有类似作用。英国研究发现，坚持母乳喂养6个月可使女性患癌死亡风险降低10%。中华医学会妇科肿瘤学分会主任委员曹泽毅教授指出，女性最佳生育年龄是25岁~33岁。\r\n　　找到情绪宣泄渠道。许多癌症患者回顾患病前两三年的生活，都会看到消极情绪的影子。北京安定医院心理危机干预与压力管理中心主任西英俊表示，坏情绪是癌症的向导，压抑、焦虑、抑郁等消极情绪可使免疫系统识别、消灭癌细胞的功能大打折扣，因此容易患癌。他建议，生活中要尽量保持身心放松，找到健康的情绪宣泄途径，向他人倾诉、写日记、做感兴趣的事都有助于排解不良情绪。\r\n　　每天都出点汗。运动是最经济实惠的防癌方法。美国研究显示，经常锻炼的人患肺癌风险可降低68%，患结直肠癌风险直降38%，只要每天坚持30分钟以上运动，就能降低患癌风险。研究人员指出，运动时出汗，既能燃烧多余脂肪，还可促进身体排出多种致癌物；运动利于肠道蠕动，减少粪便积存时间，降低大肠癌风险；最重要的是，运动能增强免疫力，帮助人们抵抗炎症和癌细胞侵袭。沈雁英指出，每天坚持快走、慢跑、跳舞、骑自行车、游泳等有氧运动最好，以身体微微出汗为宜，不要运动过猛。','生活','/images/upload_f2465c687e82274ed5ecc3ea448ab846.png','Y','2015-09-09 20:59:29','2015-09-09 20:59:29'),(4,1,'加拿大','河南秦先生咨询：我有口臭的毛病已经很多年了，有一次儿子跟我玩的时候说我嘴巴太臭啦。后来我跟朋友、同事交流的时候都不敢离他们太近。请问有什么方子可以缓解吗？\r\n　　河南中医学院第一附属医院耳鼻喉科主任医师梅祥胜点评：通常情况下，口臭跟脾胃湿热有关。中医讲：“胃主受纳，脾主运化；胃气主降，使饮食物及其糟粕得以下行，脾气主升，则饮食物之精华得以营养全身”。如果脾胃湿热的话，就会湿邪困脾、脾阳不升。另外，还会导致“胃气不降、浊气上升”。而这种“浊气上升”就会顺着食道上行到口腔，进而在口腔中形成类似于食物腐熟的味道，产生口臭。\r\n　　给口臭患者推荐两个验方。\r\n　　1.荷叶茶。每天用荷叶3~5克泡水喝，荷叶除了有清热利湿的作用之外，还可以健脾助阳，所以，用荷叶代茶饮可以清利湿热。\r\n　　2.淘米水漱口。淘米水具有一定的消炎、杀菌、清洁作用，并有一定的吸附能力。适用于由于口腔不洁导致的口臭。在我国一些地区，至今还保留着用蘸过淘米水的纱布给孩子清洁口腔的习惯。','4','/images/upload_4ac3ce1c54e5138807bc90ca2d038353.png','Y','2015-09-09 21:00:21','2015-09-09 21:00:21'),(5,1,'加拿大','2010年中国恶性肿瘤发病与死亡数据显示，全国癌症新发病例约为309.3万例，发病率为235.2/10万，平均下来每天约有近8500人患癌；2010年我国癌症死亡病例约为195.6万例，死亡率为148.8/10万，平均每天约有5300余人死于癌症。2013年亚太抗癌大会上专家指出，中国每年新增癌症患者数量已占到全球的20%以上。而且，癌症高发的势头丝毫没有逆转趋势。以北京为例，北京市肿瘤防治研究办公室副主任王宁明确指出：“10年之内，发病率肯定下不来，能进入平台期就不错了。”\r\n　　科学研究已经证实，大多数癌症的病因与生活方式有关。美国癌症研究所出版的《癌症止步》一书中就指出，77%的癌症根源在于生活方式，而遗传和环境只占到14%和9%，因此，每个人都应学会主动截断致癌的危险因素。近日，台湾《康健》杂志就刊文指出，10种生活方式有助于人们远离癌症。《生命时报》也采访权威专家，教您防癌秘诀。\r\n远离癌症的十种生活方式\r\n　　盯住体重指数。美国针对全球188个国家的调查显示，中国肥胖人口约为4600万，仅次于美国，是全球“第二胖”的国家，而肥胖可能诱发癌症。美国研究显示，约49%的子宫内膜癌、35%的食道癌、28%的胰腺癌都是肥胖惹得祸。台湾专家认为，脂肪细胞可能会间接促进癌细胞生长。北京朝阳医院沈雁英教授建议，人们最好盯住体重指数(BMI)，计算方法是体重(千克)除以身高(米)的平方，如果BMI超过24即为超重，超过30则是肥胖。肥胖人群应少吃多动、减少脂肪和糖的摄入、每天运动，控制体重。\r\n　　适时生育，选择母乳喂养。如今，晚婚晚育已成为城市女性的普遍趋势。然而，晚育或放弃生育不利于防癌。美国研究指出，女性一生中如有一次完整孕育过程，能增加10年免疫力，患卵巢癌、乳腺癌等妇科肿瘤的风险将大大降低。母乳喂养也有类似作用。英国研究发现，坚持母乳喂养6个月可使女性患癌死亡风险降低10%。中华医学会妇科肿瘤学分会主任委员曹泽毅教授指出，女性最佳生育年龄是25岁~33岁。\r\n　　找到情绪宣泄渠道。许多癌症患者回顾患病前两三年的生活，都会看到消极情绪的影子。北京安定医院心理危机干预与压力管理中心主任西英俊表示，坏情绪是癌症的向导，压抑、焦虑、抑郁等消极情绪可使免疫系统识别、消灭癌细胞的功能大打折扣，因此容易患癌。他建议，生活中要尽量保持身心放松，找到健康的情绪宣泄途径，向他人倾诉、写日记、做感兴趣的事都有助于排解不良情绪。\r\n　　每天都出点汗。运动是最经济实惠的防癌方法。美国研究显示，经常锻炼的人患肺癌风险可降低68%，患结直肠癌风险直降38%，只要每天坚持30分钟以上运动，就能降低患癌风险。研究人员指出，运动时出汗，既能燃烧多余脂肪，还可促进身体排出多种致癌物；运动利于肠道蠕动，减少粪便积存时间，降低大肠癌风险；最重要的是，运动能增强免疫力，帮助人们抵抗炎症和癌细胞侵袭。沈雁英指出，每天坚持快走、慢跑、跳舞、骑自行车、游泳等有氧运动最好，以身体微微出汗为宜，不要运动过猛。','5','/images/upload_b23d04301c4f0d57a595c4e85bec1716.png','Y','2015-09-09 21:02:00','2015-09-09 21:02:00'),(6,1,'加拿大','便秘是临床常见的复杂症状，而不是一种疾病，主要是指排便次数减少、粪便量减少、粪便干结、排便费力等。由于便秘是一种较为普遍的症状，症状轻重不一，大部分人常常不去特殊理会，认为便秘不是病，不用治疗，但实际上便秘的危害很大。便秘的“报警”征象包括便血、贫血、消瘦、发热、黑便、腹痛等和肿瘤家族史。如果出现“报警”征象应马上去医院就诊，作进一步检查。\r\n　　正常的动物都不受便秘困扰，为什么人会有呢？便秘不是病，但是一便秘起来真要命。看看下面的便秘七大原因，找找你是否有这样的坏习惯。\r\n　　原因1：没有定时排便\r\n　　当你有便意时，千万不要先“忍一忍”。当你抑制了这一阵便意后，过后再想排便就很难了。因为久而久之肠道就会失去对粪便刺激的敏感性，答辩在场内停留过久就会变得又干又硬。所以，不妨将“排便”视为头等大事，当有便意时，要第一时间去解决它。\r\n　　原因2：便便时看书或报纸\r\n　　总有这样的一些人，去厕所的时候肯定要拿本书或报纸。这其实是个非常不好的习惯。大便不畅的时候，坐在马桶上，看着书、报纸，似乎很悠哉，不过，很多人可能不知道，10分钟以后，如果您还坐在马桶上，就会给肛门造成不必要的压迫，肛门的健康就是这样悄悄被破坏的。\r\n　　原因3：常穿塑腰带或塑身衣\r\n　　紧身衣抑制了调节排便活动的副交感神经，使大肠内分泌的消化液减少，在小肠中，将食物分解向前推的气力变弱，于是食物残渣在经过大肠的时候，要比正常的时候费时。这位教授指出，就是在这个过程中，很轻易产生便秘。所以说，便秘重症的女士，尽量不要穿紧身衣，特殊是睡觉的时候，更不要给身体太多的束缚。\r\n　　原因4：习惯性地服用便秘药\r\n　　如若长期服用便秘药，必定会对身体造成伤害。因为不能用自身能力进行排便，而是要借助外力，进而产生依赖影响。长期以往肠壁会变薄，从而伤害身体。\r\n　　原因5：饮食过于精细少渣\r\n　　随着我国经济发展和生活水平的提高，人们增加了动物性食物的消费，鸡、鸭、鱼、肉等荤食吃得越来越多，谷类食物吃得越来越少，且以精米、精面为主。由于食物过于精细，膳食纤维的摄入量减少，使得肠道蠕动缓慢、排便不畅而造成便秘。据我国居民营养调查发现，平均每人每日的膳食纤维摄入量已由过去的26克下降至17克。\r\n　　原因6：液体量摄入不足\r\n　　便秘患者一天最好喝8~10杯水。特别是早晨起来，空腹喝一杯温水，可以唤醒大肠，刺激胃肠的反应。再说，大便的70%都是水分，从这一点看，充足的水分摄取，在改善便秘方面是非常有必要的。因为如果我们的身体缺水，大便中的水分就会被大肠吸收出去，结果大便就会变得干燥。硬结的大便很难润滑地通过直肠和肛门，这就造成排便的痛苦，给肛门造成伤害，引起肛裂等不良症状。\r\n　　原因7：运动量少\r\n　　久坐少动，长期不喜欢运动，肠道蠕动慢，肌肉收缩无力，腹压降低使得排便动力不足，很容易发生便秘。','6','/images/upload_f2465c687e82274ed5ecc3ea448ab846.png','Y','2015-09-09 21:04:02','2015-09-09 21:04:02'),(7,1,'加拿大','河南秦先生咨询：我有口臭的毛病已经很多年了，有一次儿子跟我玩的时候说我嘴巴太臭啦。后来我跟朋友、同事交流的时候都不敢离他们太近。请问有什么方子可以缓解吗？\r\n　　河南中医学院第一附属医院耳鼻喉科主任医师梅祥胜点评：通常情况下，口臭跟脾胃湿热有关。中医讲：“胃主受纳，脾主运化；胃气主降，使饮食物及其糟粕得以下行，脾气主升，则饮食物之精华得以营养全身”。如果脾胃湿热的话，就会湿邪困脾、脾阳不升。另外，还会导致“胃气不降、浊气上升”。而这种“浊气上升”就会顺着食道上行到口腔，进而在口腔中形成类似于食物腐熟的味道，产生口臭。\r\n　　给口臭患者推荐两个验方。\r\n　　1.荷叶茶。每天用荷叶3~5克泡水喝，荷叶除了有清热利湿的作用之外，还可以健脾助阳，所以，用荷叶代茶饮可以清利湿热。\r\n　　2.淘米水漱口。淘米水具有一定的消炎、杀菌、清洁作用，并有一定的吸附能力。适用于由于口腔不洁导致的口臭。在我国一些地区，至今还保留着用蘸过淘米水的纱布给孩子清洁口腔的习惯。','7','/images/upload_f2465c687e82274ed5ecc3ea448ab846.png','Y','2015-09-09 21:05:00','2015-09-09 21:05:00'),(8,1,'加拿大','2010年中国恶性肿瘤发病与死亡数据显示，全国癌症新发病例约为309.3万例，发病率为235.2/10万，平均下来每天约有近8500人患癌；2010年我国癌症死亡病例约为195.6万例，死亡率为148.8/10万，平均每天约有5300余人死于癌症。2013年亚太抗癌大会上专家指出，中国每年新增癌症患者数量已占到全球的20%以上。而且，癌症高发的势头丝毫没有逆转趋势。以北京为例，北京市肿瘤防治研究办公室副主任王宁明确指出：“10年之内，发病率肯定下不来，能进入平台期就不错了。”\r\n　　科学研究已经证实，大多数癌症的病因与生活方式有关。美国癌症研究所出版的《癌症止步》一书中就指出，77%的癌症根源在于生活方式，而遗传和环境只占到14%和9%，因此，每个人都应学会主动截断致癌的危险因素。近日，台湾《康健》杂志就刊文指出，10种生活方式有助于人们远离癌症。《生命时报》也采访权威专家，教您防癌秘诀。\r\n远离癌症的十种生活方式\r\n　　盯住体重指数。美国针对全球188个国家的调查显示，中国肥胖人口约为4600万，仅次于美国，是全球“第二胖”的国家，而肥胖可能诱发癌症。美国研究显示，约49%的子宫内膜癌、35%的食道癌、28%的胰腺癌都是肥胖惹得祸。台湾专家认为，脂肪细胞可能会间接促进癌细胞生长。北京朝阳医院沈雁英教授建议，人们最好盯住体重指数(BMI)，计算方法是体重(千克)除以身高(米)的平方，如果BMI超过24即为超重，超过30则是肥胖。肥胖人群应少吃多动、减少脂肪和糖的摄入、每天运动，控制体重。\r\n　　适时生育，选择母乳喂养。如今，晚婚晚育已成为城市女性的普遍趋势。然而，晚育或放弃生育不利于防癌。美国研究指出，女性一生中如有一次完整孕育过程，能增加10年免疫力，患卵巢癌、乳腺癌等妇科肿瘤的风险将大大降低。母乳喂养也有类似作用。英国研究发现，坚持母乳喂养6个月可使女性患癌死亡风险降低10%。中华医学会妇科肿瘤学分会主任委员曹泽毅教授指出，女性最佳生育年龄是25岁~33岁。\r\n　　找到情绪宣泄渠道。许多癌症患者回顾患病前两三年的生活，都会看到消极情绪的影子。北京安定医院心理危机干预与压力管理中心主任西英俊表示，坏情绪是癌症的向导，压抑、焦虑、抑郁等消极情绪可使免疫系统识别、消灭癌细胞的功能大打折扣，因此容易患癌。他建议，生活中要尽量保持身心放松，找到健康的情绪宣泄途径，向他人倾诉、写日记、做感兴趣的事都有助于排解不良情绪。\r\n　　每天都出点汗。运动是最经济实惠的防癌方法。美国研究显示，经常锻炼的人患肺癌风险可降低68%，患结直肠癌风险直降38%，只要每天坚持30分钟以上运动，就能降低患癌风险。研究人员指出，运动时出汗，既能燃烧多余脂肪，还可促进身体排出多种致癌物；运动利于肠道蠕动，减少粪便积存时间，降低大肠癌风险；最重要的是，运动能增强免疫力，帮助人们抵抗炎症和癌细胞侵袭。沈雁英指出，每天坚持快走、慢跑、跳舞、骑自行车、游泳等有氧运动最好，以身体微微出汗为宜，不要运动过猛。','8','/images/upload_f2465c687e82274ed5ecc3ea448ab846.png','Y','2015-09-11 22:23:14','2015-09-11 22:23:14');
/*!40000 ALTER TABLE `articles` ENABLE KEYS */;
UNLOCK TABLES;

--
-- Table structure for table `categories`
--

DROP TABLE IF EXISTS `categories`;
/*!40101 SET @saved_cs_client     = @@character_set_client */;
/*!40101 SET character_set_client = utf8 */;
CREATE TABLE `categories` (
  `id` int(10) unsigned NOT NULL AUTO_INCREMENT,
  `name` varchar(255) NOT NULL,
  `created_at` datetime NOT NULL,
  `updated_at` datetime DEFAULT NULL,
  PRIMARY KEY (`id`)
) ENGINE=InnoDB AUTO_INCREMENT=11 DEFAULT CHARSET=utf8;
/*!40101 SET character_set_client = @saved_cs_client */;

--
-- Dumping data for table `categories`
--

LOCK TABLES `categories` WRITE;
/*!40000 ALTER TABLE `categories` DISABLE KEYS */;
INSERT INTO `categories` VALUES (1,'生活','2015-09-10 16:13:32','2015-09-10 16:13:32'),(2,'出行','2015-09-10 16:13:37','2015-09-10 16:13:37'),(3,'穿衣','2015-09-10 16:16:00','2015-09-10 16:16:00'),(4,'饮食','2015-09-10 16:16:00','2015-09-10 16:16:00'),(5,'娱乐','2015-09-10 16:16:00','2015-09-15 01:03:35'),(6,'休闲','2015-09-15 01:03:23','2015-09-15 01:03:37'),(7,'体育','2015-09-15 01:03:27','2015-09-15 01:03:38'),(8,'新闻','2015-09-15 01:03:30','2015-09-15 01:03:40'),(9,'经济','2015-09-15 01:03:31','2015-09-15 01:03:42'),(10,'科学','2015-09-15 01:03:33','2015-09-15 01:03:44');
/*!40000 ALTER TABLE `categories` ENABLE KEYS */;
UNLOCK TABLES;

--
-- Table structure for table `clinics`
--

DROP TABLE IF EXISTS `clinics`;
/*!40101 SET @saved_cs_client     = @@character_set_client */;
/*!40101 SET character_set_client = utf8 */;
CREATE TABLE `clinics` (
  `id` int(10) unsigned NOT NULL AUTO_INCREMENT,
  `name` varchar(255) NOT NULL,
  `address_1` varchar(255) DEFAULT NULL,
  `address_2` varchar(255) DEFAULT NULL,
  `address_3` varchar(255) DEFAULT NULL,
  `district` varchar(255) DEFAULT NULL,
  `city` varchar(255) DEFAULT NULL,
  `province` varchar(255) DEFAULT NULL,
  `postal_code` varchar(255) DEFAULT NULL,
  `description` text,
  `picture` text,
  `latitude` varchar(255) DEFAULT NULL,
  `longitude` varchar(255) DEFAULT NULL,
  `website` varchar(255) DEFAULT NULL,
  `telephone_1` int(11) DEFAULT NULL,
  `telephone_name_1` varchar(255) DEFAULT NULL,
  `telephone_2` int(11) DEFAULT NULL,
  `telephone_name_2` varchar(255) DEFAULT NULL,
  `telephone_3` int(11) DEFAULT NULL,
  `telephone_name_3` varchar(255) DEFAULT NULL,
  `telephone_4` int(11) DEFAULT NULL,
  `telephone_name_4` varchar(255) DEFAULT NULL,
  `telephone_5` int(11) DEFAULT NULL,
  `telephone_name_5` varchar(255) DEFAULT NULL,
  `telephone_6` int(11) DEFAULT NULL,
  `telephone_name_6` varchar(255) DEFAULT NULL,
  `transportation_1` varchar(255) DEFAULT NULL,
  `transportation_2` varchar(255) DEFAULT NULL,
  `transportation_3` varchar(255) DEFAULT NULL,
  `transportation_4` varchar(255) DEFAULT NULL,
  `transportation_5` varchar(255) DEFAULT NULL,
  `transportation_6` varchar(255) DEFAULT NULL,
  `active` varchar(1) NOT NULL,
  `created_at` datetime NOT NULL,
  `updated_at` datetime DEFAULT NULL,
  PRIMARY KEY (`id`)
) ENGINE=InnoDB AUTO_INCREMENT=30 DEFAULT CHARSET=utf8;
/*!40101 SET character_set_client = @saved_cs_client */;

--
-- Dumping data for table `clinics`
--

LOCK TABLES `clinics` WRITE;
/*!40000 ALTER TABLE `clinics` DISABLE KEYS */;
INSERT INTO `clinics` VALUES (4,'卫生部北京医院','北京市东城区东单大华路1号','','','','','','','北京医院是一所以干部医疗保健为中心、老年医学研究为重点，向社会全面开放的医、教、研、防全面发展的现代化综合性医院，是直属国家卫生和计划生育委员会的三级甲等医院，是中央重要的干部保健基地。\r\n北京医院妇产科集医教研于一体，具有很强的临床、教学及科研能力。妇科门诊有较强的专科特色，每日有全国知名的经验丰富的专家出诊，对妇科内分泌疾病、妇女更年期综合症的诊治有独到之处。\r\n','/images/upload_f97a475590d8c229e9a016c7d536dbbb.jpg','39.91','116.42','',0,'',0,'',0,'',0,'',0,'',0,'','','','','','','','Y','2015-10-17 13:08:25','2015-10-17 13:08:25'),(5,'重庆医科大学附属第一医院','重庆市渝中区袁家岗友谊路1号','','','','','','400016','重庆医科大学附属第一医院于1957年由原上海第一医学院（现复旦大学附属医院）分迁来渝创建，已成为全国首批“三级甲等医院”和重庆市规模最大、设备最先进、技术实力最强，融医疗、教学、科研、预防、保健及涉外医疗为一体的重点大型综合性教学医院。医院牵头成立了重庆市首家医院集团（医联体），即“重医一院医院集团”，集团以院本部为核心医院，包括3家直属分院（第一分院、金山医院、青杠老年护养中心）、6家托管医院（大足区人民医院、海扶医院、綦江区人民医院、万盛经开区人民医院、酉阳县人民医院、合川区人民医院）。\r\n院本部开设临床科室35个，医技科室8个，现有编制床位3200张。在重庆及四川、贵州等周边省市拥有21家教学医院和75家指导医院。\r\n','/images/upload_043bb62dd0d7f24cc48b634cc9f66a36.jpg','29.53','106.52','www.hospital-cqmu.com',68811360,'值班电话：',0,'',0,'',0,'',0,'',0,'','','','','','','','Y','2015-10-17 13:29:20','2015-10-17 13:29:20'),(6,'北京妇产医院内分泌科  更年期门诊','朝阳区姚家园路251号（朝阳体育馆对面）东三环长虹桥向东约500米 ','','','','','','','绝经是每个女性都要经历的自然现象，当有限的卵泡耗竭后所有的女性都会绝经，随着卵巢功能的衰退，雌、孕激素水平下降，相应的FSH、LH水平升高。月经变得不规律，直至停止。当月经停止来潮一年以上称绝经.绝经前后70%-85%的女性有各种不适或相关症状，同时绝经后很多慢性病， 如心血管疾病，骨质疏松，萎缩性阴道炎等明显增高，所以对围绝经及绝经后进行健康管理非常重要。\r\n\r\n   1999年北京妇产医院率先引进绝经相关疾病诊治系列先进设备，用于围绝经期女性保健综合指导的操作规范及对应的质量保证体系，并在北京妇产医院建立了妇科内分泌科，并建立了更年期综合指导中心。于2011年12月12日，北京妇产医院（内分泌科）成为第一个绝经门诊项目中心挂牌单位。内分泌科更年期门诊致力于从全面体检防治疾病 、激素安全定量补充 、营养定量分析补充 、环境激素影响控制、合理运动训练指导 、有效康复治疗指导、生活习惯改善调整 、精神心理健康辅导等八个方面，为围绝经期患者给予全面、个体化的保健治疗。\r\n','/images/upload_ff20873ff8772bcddcca77f77f52648d.jpg','39.94','116.48','',52276666,'东院总机：',0,'',0,'',0,'',0,'',0,'','31路 朝阳体育馆下车  43、302、412、731、734、705、750、117、831、834团结湖下车向南走  特3、特8、707路白家庄下车向东走  722、754路甜水园下车向西走 ','','','','','','Y','2015-10-17 13:47:02','2015-10-17 13:47:02'),(7,'兰州大学第一医院','兰州市东岗西路1号','','','','','','','医院等级：三级甲等\r\n医院类型：综合医院\r\n','/images/upload_898e1f22aa42790850f558a546efb496.jpg','36.05','103.88','http://www.lzdxdyyy.com',931,'医院电话：',931,'',931,'生殖医学专科医院电话：',931,'',931,'',0,'','','','','','','','Y','2015-10-17 14:27:18','2015-10-17 14:27:18'),(8,'东南大学附属中大医院妇产科更年期门诊','江苏省南京市鼓楼区丁家桥87号  ','','','','','','210009','东南大学附属中大医院建院80余年，其前身是中央大学附设医院。中大医院是国家985重点大学直属附院,全国首批三级甲等综合性医院，妇产科是江苏省临床重点专科，集医疗、教学、科研为一体的、开展治疗项目齐全的综合型临床科室，是国家985重点大学的妇产科学博士/硕士学位授予点。担任全国专业委员会委员2人，江苏省妇产科学会和江苏省中医药学会妇科学会的副主任委员单位，江苏省抗癌协会副主任委员单位，江苏省妇产科质量控制中心副组长单位，南京骨质疏松和骨矿盐疾病学会主任委员单位，南京妇产科学会和南京市计划生育学会的副主任委员单位。同时是全国妇科内分泌医师培训基地，卫生部宫颈疾病诊疗示范基地，江苏省计生委基层医师培训点。首批获得江苏省卫生厅开展四级内镜诊疗技术和全盆脏器切除术的准入资质。目前科室在编医技护人员110人，其中高级职称12人，硕博生导师5人。医师队伍博士/硕士人员比例已达80%以上。\r\n中大医院妇产科系统开展更年期疾病临床诊治已有15年，并由全国绝经学组组长郁琦教授亲自授牌成立了“更年期及女性健康门诊”，目前更年期门诊常日制开设，每单元接诊患者均在数十名。我们学术团队依托大型三甲综合医院的高端平台，联合心理科、内分泌科、影像科、营养科等，以中国绝经指南为规范，为更年期女性提供多学科整合治疗体系，不仅治疗更年期综合征，针对绝经期其他健康问题如复发性外阴阴道炎、尿失禁、子宫/阴道脱垂、骨质疏松与骨痛、慢性盆腔痛等，也可进行综合治疗和微创手术。同时，为更年期女性健康自我教育而创立的“郁金香俱乐部”经常性举办活动，形式多样，寓教于乐。我们与基层社区和妇保中心技术紧密合作，提供学术支持。同时我们团队积极开展更年期领域的科学研究，活跃参加国内外更年期健康领域的学术交流 ，承担了多项国家级省部级课题，以及国际多中心研究，发表多量的学术著作和研究文章。\r\n更年期女性健康的需求就是我们努力的目标，精湛的医术、知性的关怀、优质的服务是我们的承诺，我们将始终坚持以患者为中心，认真执行规范化诊疗服务标准，积极开展更年期健康领域的新技术和新疗法，为广大更年期女性健康和幸福而奉献。\r\n','/images/upload_c04c780ed1f3c951ae76fe9d52724bbc.jpg','32.07','118.78','www.njzdyy.cn',25,'联系电话： ',25,'',25,'预约挂号：',25,'',0,'',0,'','地铁1号线：玄武门/中大医院站 步行10分钟到医院。','公交乘车路线：公交车1路、3路、8路、13路、15路、16路、22路、25路、28路、30路、31路、32路、33路、34路、35路、38路。（站名分别为：玄武门站  或  湖南路站  或丁家桥站  或 马台街站）到医院门诊步行 1~8分钟。','','','','','Y','2015-10-17 14:41:30','2015-10-17 14:41:30'),(9,'宁夏医科大学总医院','银川市金凤区黄河东路宁安东巷','','','','','','','宁夏更年期诊疗中心2012年5月成立于宁夏医科大学总医院心脑血管病医院妇科，同期开展更年期门诊，2014 年开展了更年期健康管理一日门诊，病人满意度进一步提高，每月进行一次更年期健康讲座，举办宁夏回族自治区更年期综合管理学习班两届，对宁夏地区更年期女性健康事业起到了推动作用。更年期一日门诊每周三8:00-17：00在宁夏医科大学总医院心脑血管病医院妇科门诊宁夏更年期疾病诊疗中心进行，包括内容：全面身体检查，更年期症状评分，焦虑抑郁评分；更年期知识讲座，更年期营养保健讲座，更年期微运动介绍，更年期盆底功能锻炼讲座；妇科、内分泌科、药剂科药师个体化评估咨询；身心医学科专家心理辅导。位于宁夏医科大学总医院心脑血管病医院位于银川市金凤区黄河东路宁安东巷，更年期一日门诊预约电话6746160，6746302。宁夏更年期疾病诊疗中心负责人杨彩虹，成员张雪玉，马丽，何兰杰，于黎明，何秉洁，杨彩虹，张桓，雷红，万颖，顾文莉，宋琳琳，牛丽华，徐丽莉，王丽娟，刘淑娥，朱秀琪共同进行更年期门诊工作。','/images/upload_fb02c6e199bb0aafd42b8d7dced2c5ab.jpg','38.48','106.24','',6746160,'更年期一日门诊预约电话：',6746302,'',0,'',0,'',0,'',0,'','','','','','','','Y','2015-10-17 15:16:43','2015-10-17 15:16:43'),(10,'北京协和医院妇科内分泌中心','北京协和医院东院区: 东城区东单帅府园1号','北京协和医院西园区: 北京市西城区大木仓胡同41号','','','','','','北京协和医院妇产科妇科内分泌组成立60余年，由葛秦生前辈在林巧稚教授的指导下成立。长期以来进行规范化的妇科内分泌疾病的诊断与治疗，在妇科内分泌临床与基础研究方面积累了丰富的信息，是包括更年期管理在内的大多数国内妇科内分泌疾病规范和指南的主导制定者。在国内率先开展了更年期女性性激素治疗方面的工作，使广大更年期女性受益。林守清教授于2002年成立的妇科内分泌和妇女健康中心，目的是向广大女性或患者提供 “人性化、配套化、整体化” 的临床医疗服务，同时关注更年期女性整体健康的维护，涉及与卵巢功能衰退有关的骨健康、心血管健康、以及情绪障碍等问题，相关的其他内分泌腺功能状态的评估。目前在本中心进行日常工作的有中华医学会妇产科学分会绝经学组组长郁琦教授，中华医学会妇产科学分会绝经学组委员兼秘书陈蓉教授，中华预防医学会妇女保健分会更年期保健学组组长孙爱军教授，以及北京协和医院妇科内分泌专业组的众多全国知名教授和专家。全面开展更年期女性保健工作,包括绝经过渡期月经失调及相关的妇科疾病；更年期综合征；绝经后骨质疏松症；生殖泌尿道萎缩性疾病等，对患者从多方面、多层次进行综合分析与处理。医、教、研并举，以此不断提高妇科内分泌专业医疗和保健水平。在协和医院东院区和西院区全天均有妇科内分泌医师出诊。 ','/images/upload_fb295c5049684dd33c8e18ff96e26bcc.png','39.92','116.42','',0,'',0,'',0,'',0,'',0,'',0,'','','','','','','','Y','2015-10-17 15:30:59','2015-10-17 15:30:59'),(11,'新疆医科大学第一附属医院围绝经期门诊','新疆维吾尔自治区乌鲁木齐市鲤鱼山南路137号 ','','','','','','830054','新疆更年期门诊是以丁岩教授为核心的专家团队组成。丁岩教授现任新疆医科大学第一附属医院妇科生殖中心主任、中华医学会妇产科分会委员及绝经学组委员、更年期（中文版）编委、中华妇产科杂志编委；新疆医学会妇产科分会主任委员。本绝经专家组由主任医师及副主任医师等十人共同参加，致力于对新疆各族围绝经期妇女保健、治疗服务。','/images/upload_96be603f8005bc0c7c89bc411c8df2d0.jpg','43.85','87.59','',991,'预约电话：',0,'电话挂号',0,'',0,'',0,'',0,'','','','','','','','Y','2015-10-17 16:08:55','2015-10-17 16:08:55'),(12,'郑州大学第一附属医院妇科更年期内分泌门诊','河南省郑州市二七区建设东路1号','','','','','','','郑州大学第一附属医院妇科始建于1928年，是国家级临床医学重点专科、河南省教育厅重点学科及河南省卫生厅医学重点学科，河南省首批临床医学博士授权点。2014年成立妇科更年期内分泌门诊，诊治水平居省内领先。在月经失调、不孕不育（排卵障碍、输卵管梗阻、生殖器畸形及宫腔粘连等）、绝经综合征、多囊卵巢综合征、异常子宫出血、闭经（包括Turner综合征等）等内分泌疾病的诊治上取得了良好的效果。开展了女性性分化异常（女性假两性畸形、男性假两性畸形、真两性畸形等）的微创手术治疗，治愈了很多疑难的性分化异常患者的疾病，获得了国内同道的高度评价。每年举行省级妇科内分泌疾病诊治继续教育项目，在省内普及内分泌疾病诊治规范，推动了河南省妇科内分泌专业的发展。','/images/upload_522fc786ac57e6252f026cac05c1d56c.jpg','34.76','113.65','',0,'',0,'',0,'',0,'',0,'',0,'','','','','','','','Y','2015-10-18 15:22:47','2015-10-18 15:22:47'),(13,'江苏省人民医院/江苏省妇幼保健院','江苏省南京市鼓楼区江东北路368号','','','','','','210036','我院于2008年成立更年期门诊，每年约接诊800余名更年期女性，并对其进行个体化治疗（包括激素补充治疗）及保健指导，提高生活质量，预防绝经相关疾病；2009年开设“更年期女性俱乐部”，为俱乐部会员建立健康档案，通过短信平台定期提供健康保健知识；2010年完成了全省13市20735名妇女绝经状况及其影响因素的流行病学研究，论著在欧洲Maturitas上发表，为中老年女性健康促进提供指导依据；2012年成立“江苏省女性健康与更年期保健示范基地”，推广更年期保健技术，指导各地“更年期保健”专科建设，充分发挥省级妇幼保健院的龙头作用，并定期对省内各市县的基层工作人员进行定期培训，建立统一的更年期妇女保健质量控制体系和更年期专科门诊模式，为推进全省妇女保健中的更年期保健与干预工作做出了较大的贡献，得到了国内同行的认可。此外，我院妇女保健科于2012年成立盆底诊治中心，为更年期女性进行盆底功能筛查，及时干预，防治尿失禁、脏器脱垂等盆底功能障碍性疾病。目前承担国家级、部省级多项课题研究，发表相关论文近百篇，其中SCI收录30余篇；获江苏省政府及南京市级科技进步二等奖各1项，江苏省妇幼保健新技术引进奖一等奖等多个奖项。','/images/upload_4d59a42b7edc849729a6b50725b8efc0.jpg','32.07','118.75','',0,'',0,'',0,'',0,'',0,'',0,'','','','','','','','Y','2015-10-18 15:35:27','2015-10-18 15:35:27'),(14,'中国医科大学盛京医院更年期门诊','南湖院区： 沈阳市和平区三好街36号','滑翔院区：铁西区滑翔路39号','','','','','','中国医科大学附属盛京医院是一所大型综合性现代化数字化大学附属医院，三级甲等医院，目前，医院共有三个院区和一个教育研发基地。医院现有卫生专业技术人员6400余人，开放床位5700余张。妇产科医生253人，床位745张，为辽宁省妇科疾病质量控制中心，妇科与产科均为国家级临床重点专科，在更年期的诊治方面，张淑兰教授为中华医学会妇产科学分会绝经学组副组长；马晓欣教授为妇产科副主任、生殖内分泌病房主任；马颖副教授为中华医学会妇产科学分会绝经学组秘书；宋宁主治医师。这些专家均对更年期患者有系统正规的检查及诊治。','/images/upload_c9ccf718eb1d422f1bab9ac60e2d3204.jpg','41.78','123.43','',24,'医院总机：',0,'',0,'',0,'',0,'',0,'','南湖院区：','乘坐117、123、203、258、266、269、278、4355到医大二院下车； 乘坐环路、117、135、222、225、239、244、282、502、612到三好街下车；','乘坐222、265到沈阳中医院下车','中国医科大学盛京医院滑翔院区：','乘坐266 、117、278、231、123、203、258、181 均可到达','','Y','2015-10-18 15:55:14','2015-10-18 15:55:14'),(15,'复旦大学附属妇产科医院','上海市沈阳路128号','','','','','','','复旦大学附属妇产科医院是集医、教、研于一体，坚持科学管理，从严治院，医疗水平不断提高的，形成了一批优势学科的妇产科专科医院。现设有妇科、产科、计划生育、中西医结合、新生儿科、乳腺外科、宫颈疾病诊疗科等十个病房，设有：围产门诊、新生儿门诊、产后门诊、内分泌遗传、生殖免疫、妇科肿瘤、生殖内分泌及不孕、盆底功能、月经失调中西医门诊、围绝经期门诊、宫颈门诊、性病门诊、疑难杂症会诊门诊、妇科体检部等普通和专科特色门诊；一个研究所；有二个市级医疗中心：上海市中西医结合月经病诊疗中心、上海市女性生殖内分泌疾病诊疗中心；1998年医院与美国遗传与实验生物研究所合作建立中美合作上海集爱遗传与不育诊疗中心。成立了以著名专家领衔的诊治小组,满足病人选择医院、医师、手术的特殊需求。\r\n教书育人，成绩卓著。伴随着一百二十余年的历史，复旦大学附属妇产科医院的发展也与时俱进。自上世纪五十年代起，医院先后拥有许多全国妇产科学界著名专家，如，王淑贞(国家级一级教授)、王菊华、袁耀萼、郑怀美、李涌弦、高秀惠、张惜阴、李超荆、朱关珍、俞瑾、张振均、张志毅、蔡树模、陈如钧、庄依亮、黄敏丽、曹斌融、潘明明等教授。1980年至2000年的二十年间，医院着重发展临床诊治技能，尤其是疑难杂症的诊断与治疗得到华东地区，乃至全国妇产科界和社会的认可。先后培养了许多优秀研究生，目前正在国内众多三级甲等专科医院担任业务或行政骨干。2000年两校合并后，复旦大学将妇产科学系列入“985”工程重点建设学科，在人力与财力上，大力支持学科建设。妇产科学系全体同仁抓住这一契机，经过三年的奋发、图强，学科建设得到了快速发展。自2004年以来，共获得“863”、“973(子课题)”、“十五”攻关计划、“十一五”支撑计划、卫生部临床重点项目、上海市重大项目、美国NIH合作项目及美国CMB项目等重要项目。发表学术论文近500篇，其中SCI收录论文37篇，影响因子(IF)值达99.2分，在国内妇产科界名列前茅。主编了卫生部规划教材《妇产科学》8年制及7年制第一版教材，及大型专业参考书《实用妇产科学》。医院每年要完成400余名医学生妇产科学讲学、示教、实习，接受来自全国各地进修医生的培养任务，每年举办多期全国性短期学术进修班，普及推广妇产科学新知识、新技术。在教育部公布的国家重点学科名单中，该院领衔的复旦大学妇产科学被批准为国家重点学科，实现了国家级重点学科“零”的突破，直接反映学科在全国的学术地位、科研水平及培养学生的质量，标志着该院向国内一流水平妇产科医院的目标又迈进了实质性的一步，也为医院下一步的发展和参与全国的竞争打下了坚实的基础。学科的主要研究方向（1）妇科肿瘤（2）产前诊断与妊娠高血压疾病（3）生殖免疫（4）产科肝病。\r\n医院是全国高等医学院校统一教材五年制、七年制、八年制《妇产科学》的主编单位，许多高年资教授在全国性、地方性杂志任顾问、主编、编委、委员等。 医学科研，硕果累累。医院有一支由专职科研人员和广大临床医生组成的科研队伍。研究所研究设备精良、齐全。全院共获得各级科研成果奖20多项.1995年医院成功地诞生了华东地区第一例试管婴儿，该项成果获1995年上海市临床医学二等奖；中美合作上海集爱遗传与不育诊疗中心，在单精子穿刺、冷冻胚胎、睾丸穿刺取精术技术上突破难关,使助孕成功率达42%以上。\r\n医院注重与国外开展科技合作与人才学术交流，不仅请国外专家学者前来讲学、授技、合作科研，还专门设立王淑贞基金会，选送优秀人才出国考察、访问讲学、参加学术会议。学者们学成归来，极大地促进了各学科专业和临床技术的进步和发展。先后由德、英、美、保加利亚等国派学者来院学习妇科中西医结合理论与技术。 医院历史悠久，学术基础雄厚。老院长王淑贞教授是中国妇产科学奠基人之一，素有南王（淑贞）北林（巧稚）之称，其学术成就享誉海内外。在她的培养下，医院人才辈出，成为鼎足妇产科界的著名专家。由于他们具有良好的医德、高超的医疗水平，医院声誉日益提高，深受老百姓爱戴和信赖，被亲切地称为“红房子医院”。\r\n','/images/upload_5124c31dc48920ca540b89d4ba1a5da0.jpg','31.22','121.49','',0,'',0,'',0,'',0,'',0,'',0,'','','','','','','','Y','2015-10-19 10:19:30','2015-10-19 10:19:30'),(16,'哈尔滨医科大学附属第二医院妇产科更年期专科门诊','','','','','','','','更年期专科门诊，针对绝经过渡期及绝经后由于雌激素不足导致的更年期综合症、异常子宫出血、骨质疏松症等问题，采用性激素替代、饮食营养咨询及运动指导等个体化综合保健门诊。专科门诊由深入学习妇科内分泌及妇女保健学的高级职称医生坐诊，专科门诊时间：每周一至周五全天。门诊地点：哈尔滨医科大学附属第二医院门诊4楼妇产科门诊\r\n \r\n更年期专科门诊特色：\r\n1、哈尔滨医科大学附属第二医院作为全国三级甲等医院，为综合型医院，妇产科作为黑龙江省级重点学科，具有较强的临床理疗实力，更年期专科门诊是妇产科妇女保健特色门诊之一。\r\n2、在工作模式上改变了传统门诊工作模式，采用生物-医学-心理综合医学模式对更年期妇女进行健康保健，保健指导包括专业性激素替代、饮食营养咨询、心理咨询、运动指导等个体化综合保健，目的在治疗更年期相关症状，并预防心血管疾病、骨质疏松症、老年痴呆等老年疾病的发生，改善老年生活质量。\r\n3、医院门诊配备X线骨密度检查仪，肌肉功能分析仪、硕士学位营养师、专业心理咨询师等，确保个体化综合保健指导的专业性。\r\n4、专科门诊由深入学习妇科内分泌及妇女保健学的高级职称医生出诊，在省内较早开展了更年期激素替代、妇科肿瘤术后激素替代等方面的临床治疗工作，多次在高校及医院中开展更年期的讲座和教学，出诊医生擅长于绝经过渡期的药物止血、心理咨询、性激素药物方案的设计等。\r\n5、专科门诊时间：每周一至周五全天。\r\n6、专科门诊地点：哈尔滨医科大学附属第二医院门诊4楼妇产科门诊5诊。\r\n','/images/upload_86deb885999f7aad6bad57370782d9c0.jpg','45.70','126.63','',0,'',0,'',0,'',0,'',0,'',0,'','','','','','','','Y','2015-10-19 10:33:48','2015-10-19 10:33:48'),(17,'武汉同济医院“卵巢衰老专科”门诊','医院地址：湖北省武汉市硚口区解放大道1095号','门诊地址：同济医院门诊大楼四楼，妇产科门诊','','','','','','门诊服务对象：\r\n1.	围绝经期妇女/ 更年期妇女 ：年龄>40岁, 出现月经紊乱、潮热盗汗、多疑易怒、失眠多梦等更年期综合征的症状，为卵巢功能衰退的征兆。\r\n2.	卵巢早衰患者：年龄<40岁, 出现月经紊乱或闭经及上述更年期综合征的症状，提示卵巢功能提前衰退。\r\n3.	月经紊乱、月经不调的患者：青春期、更年期出现月经周期不规律，月经天数持续时间长；因手术、放化疗等卵巢功能衰退的患者。\r\n','/images/upload_db2f2cc1c65f179b8e8961d3f7c63bbd.jpg','30.59','114.28','',0,'',0,'',0,'',0,'',0,'',0,'','','','','','','','Y','2015-10-19 11:35:51','2015-10-19 11:35:51'),(19,'三峡大学仁和医院更年期门诊','宜昌市夷陵路410号','','','','','','','三峡大学仁和医院是三峡大学唯一一所直属的附属医院，也是一所集医疗、教学、科研、预防保健、康复于一体的三级综合性医院、爱婴医院、健康教育示范医院。医院占地面积80亩，病床编制812张，下辖三峡大学仁和医院枝江铁路分院、仁济院区两个分院。医院坐落在宜昌市伍家岗区，与宜昌火车东站、美丽的五一广场及长江画廊大型商住区相毗邻。以人才众多、设备精良、学术和技术领先、服务周到、管理规范严谨享誉渝东鄂西。','/images/upload_5fda09f665cae1c5a539842d14eb2edf.jpg','30.65','111.36','',0,'',0,'',0,'',0,'',0,'',0,'','市内居民可乘2、102、103、105路公共汽车直接到仁和医院站下车，也可乘1、9、21、101路公共汽车到五一广场下车，往回走200米即到。外地居民乘车到长途车站后，再由市内转车即可到仁和医院。','','','','','','Y','2015-10-19 14:14:04','2015-10-19 14:14:04'),(20,'平谷区医院更年期门诊','北京市平谷区新平北路59号','','','','','','','平谷区医院位于北京市平谷区新平北路59号。妇科更年期门诊成立于2014.2.初，出诊医生为妇科副主任医师高凤霞，曾于2013年在北京协和医院妇科内分泌门诊学习内分泌疾病诊疗一年。得到了郁琦教授及多位专家的大力帮助及肯定。我院现有药物比较齐全，能够满足更年期患者的需要。每月末有定期的更年期患者会，普及更年期知识、提高认知，提高患者就诊及激素使用率。通过多次举办院内及科室会，逐渐形成了各个科室共同协作的转诊流程，共同为更年期患者保驾护航，做到不漏诊不误诊，规范治疗更年期患者。','/images/upload_cd7e1b5f2161a1f3722b564366c0a025.png','40.15','117.11','',0,'',0,'',0,'',0,'',0,'',0,'','','','','','','','Y','2015-10-19 14:25:50','2015-10-19 14:25:50'),(21,'河北医科大学第二医院绝经门诊','石家庄市和平西路215号','','','','','','','','/images/upload_79eeb824a456f879be0b36edb27a979d.jpg','38.06','114.49','',0,'',0,'',0,'',0,'',0,'',0,'','','','','','','','Y','2015-10-20 15:19:36','2015-10-20 15:19:36'),(22,'山东省立医院','','','','','','','','山东省立医院始建于1897年，为集医疗、科研、教学、预防保健和指导基层为一体的大型综合性三级甲等医院，医疗服务能力连续多年居全省第一。2004年开始组建医院集团，现已拥有包括山东省立医院、山东省立院（集团）眼耳鼻喉医院、山东省医学影像学研究所、山东省妇产医院、山东省骨科医院、山东省儿童医院、山东省立口腔医院、山东省立医院（集团）东营医院、山东省立医院（集团）菏泽医院在内的9个成员单位，是山东省综合服务能力最强的医疗集团。\r\n  医院学科齐全，特色专科突出，拥有临床和医技科室119个，国家级临床重点专科建设项目10个，省级临床重点专科15个，泰山学者岗位13个，省医药卫生重点学科9个，省、部级重点实验室17个，省级医学中心14个，省级临床质控中心9个，省级医学研究中心18个，成立了13个专业的临床医学研究所和1个基础医学研究所，并建有省内规模最大、条件最好的SPF级动物实验室。成功实施世界第十七例双手十指离断再植手术，成功救治世界罕见畸形胸腹连体儿，多项医疗技术达国内、省内领先甚至国际领先水平。\r\n    医院现拥有双聘院士4名，山东省“泰山学者”岗位特聘专家13名（海外“泰山学者”3名），国家百千万人才工程（第一层次）专家2名，省部级突出贡献中青年专家25名，享受国务院政府特殊津贴人员47名，高级专业技术人员800余名，博士研究生导师104名，硕士导师229名，担任中华医学会理事1人，专业委员会副主任委员4人，常委9人，省医学会主任委员20人，副主任委员111人。\r\n    医院获国家发明奖2项、国家科技进步二等奖2项，省部级一等奖14项。近5年来，共承担省部级以上课题440项，国家级项目140项，省部级项目300项，共获批科研经费1亿余元，其中2011年，突破4000万元。独立承担国家 “863”计划、国家十一五支撑计划、“973”计划课题、卫生部公益性行业专项、国家自然基金重点项目各1项。近5年来在统计源期刊发表论文3314篇，2013年SCI收录论文数全国医疗机构排名第27名，其中在影响因子前1/10的SCI期刊收录论文数全国医疗机构排名第12名。\r\n  医院先后荣获“全国卫生系统先进集体”、“全国十佳文明服务示范医院”、“全国百佳医院”、“全国创建文明行业先进单位”、“全国首批管理创新单位”、“全国改革创新人物”等荣誉称号。   \r\n山东省立医院妇产科  \r\n妇产科始创于1907年，是山东省首批重点学科、山东省首家模范爱婴医院，属于国家级临床重点专科。在全国著名妇产科专家苏应宽等教授的带领下，形成了在临床、教学、科研方面具有丰富的经验的国内一流妇产科。1978年成为全国首批、山东省最早的医学硕士培养点；1982年成为全国首批、山东省最早的医学博士研究生培养点。为全国的妇产科培养和输送了了大批人才。\r\n妇产科分为妇科、产科、计划生育与生殖医学四个专业。科室有医疗、医技人员60人。其中博士研究生导师6人，硕士研究生导师16人；教授、主任医师17人；副教授、副主任医师19人；主治医师20人。有4人为卫生厅专业技术拔尖人才，享受国务院政府特殊津贴，有2人为省专业技术拔尖人才。\r\n科室下设有细胞学实验室、宫腔镜室、阴道镜室、LEEP刀手术室、优生与遗传研究室、生殖医学实验室、产前诊断和围产医学中心等。配备脐动脉血流检测仪、胎儿中央监护、染色体自动分析仪、酶标仪、血糖测定仪、新生儿复苏设备、新生儿听力测定仪等国内外先进仪器设备。妇科开展妇癌根治术、乙状结肠代阴道成形术、子宫良性病变保留子宫手术、经腹小切口妇科微创手术、妇科腹腔镜和宫腔镜手术；产科精于各种难产的处理、高危妊娠防治、习惯性流产的诊治、母儿血型不合的中西医结合治疗、多胎妊娠保胎治疗及中期妊娠的选择性减胎术检查等；计划生育开展绝育术后输卵管复通术、宫外孕综合治疗等；生殖医学中心开展试管婴儿等各项生殖助孕技术。\r\n科室鉴定、获奖的科研项目共20余项，专著20部，专利5项。《新编实用妇科学》、《实用产科学》、《妇产科手术学》分别获卫生部医药卫生杰出的科技著作科技进步三等奖，至今仍为妇产科界的经典著作。\r\n                           妇产科更年期门诊\r\n    妇产科更年期门诊成立于2012年,在中华医学会绝经学组郁琦组长陈蓉秘书等扶持下，各项工作陆续开展，妇产科主任陈子江、妇科主任李长忠也给予支持和重视，在老前辈李继俊教授的带动和帮助下，更年期门诊的工作开展的有声有色，为山东广大女性带来了福音，也推动了山东妇科内分泌的发展。\r\n','/images/upload_974d96f58f16f68172248cf7e0c078aa.jpg','','','',0,'',0,'',0,'',0,'',0,'',0,'','','','','','','','Y','2015-10-21 10:46:34','2015-10-21 10:46:34'),(23,'中南大学湘雅二医院','','','','','','','','中南大学湘雅二医院（原湖南医科大学附属第二医院）位于历史名城湖南省会长沙，脱胎于1906年美国雅礼协会在中国创办最早的西医院之一——雅礼医院，始建于1958年，是一所卫生部直属的大型三级甲等医院、隶属于教育部直属的中南大学，是国内学科最齐全、技术力量最雄厚的医院之一，素有“南湘雅”美誉。先后荣获全国百佳医院、全国百姓放心示范医院、全国五一劳动奖状、全国医药卫生系统先进集体、全国行业作风建设先进集体、全国医院文化建设先进集体、全国卫生援藏工作先进集体、国家中医药管理局药品管理先进集体等荣誉称号。\r\n　　医院现有在岗正式职工3337人，其中高级专业技术人员615人，千人计划学者2人，国家杰出青年基金项目获得者1人；占地面积230余亩（其中医疗用地156亩），医疗建筑面积22.26万平方米，编制床位3500张；设有26个教研室、40个临床科室、8个医技科室、78个病区以及7 个研究所、23个研究室（中心）；固定资产总价值15亿余元，其中仪器设备总价值7.3亿元，拥有PET—CT、23EX高能直线加速器、国际最先进的数字减影心血管造影仪（DSA）、核磁共振仪等千万元以上设备7台（件）。\r\n　　医院拥有国内先进的门诊自助就医系统，2012年医院门急诊量逾247万人次，为湖南省首位，出院病人9.9万人次，住院病人手术6.5万台次。每年开展高新技术近100项，在国内较早开展了多种器官移植，受术者生存质量高，整体水平达国内先进。通过国家卫生部严格审核，获准开展肝脏、肾脏和肺移植，指定开展心脏移植，成为全国获准开展器官移植项目最多的医院之一。还拥有30个卫生部专科医师培训基地、8个省级诊疗中心、8个省级质控中心，湖南省卫生应急救援培训基地亦落户该院。\r\n　　医院承担本科、硕士、博士研究生等多层次教学任务，在院学生2000余名。为临床医学和中西医结合一级博士点单位，拥有临床医学和心理学两个一级学科博士后科研流动站，拥有在岗博士生导师104人，硕士生导师336人，国家级特色专业1个，国家级教学团队1个，国家级实验教学示范中心1个，国家级教学名师1人，牵头儿科学、内科学和精神病学3门国家精品课程，拥有国家卫生部全科医师临床培养基地，获高等教育国家级教学成果二等奖1项。\r\n　　 医院拥有国家代谢性疾病临床医学研究中心，形成了由精神病与精神卫生学（含医学心理中心）、心胸外科、代谢病与内分泌学、神经病学、耳鼻咽喉科学、普通外科学（重点培育学科）6个国家重点学科以及药学部（临床药学）、骨科、心血管内科、血液内科、内分泌科、胸外科、心脏大血管外科、精神病科、临床护理专业、呼吸内科、神经内科、肾病科、普通外科、眼科、皮肤科、麻醉科、耳鼻咽喉科、消化内科等18个卫生部临床重点专科，教育部糖尿病免疫学实验室、湖南省肾脏病和血液净化重点实验室、湖南省医学表观基因组学重点实验室、湖南省心血管病现代医疗技术研究中心和精神疾病诊疗技术湖南省工程实验室5个省部级重点实验室，；内科学、外科学、妇产科学、皮肤病与性病学、儿科学、眼科学、护理学、肿瘤学、医学心理学、中西医结合医学、特种医学等11个湖南省重点学科，内科学、老年医学、皮肤病与性病学、外科学、妇产科学、肿瘤学、麻醉学、急诊医学、心理学、口腔医学、中西医结合、特种医学、医学技术、护理学等14个校级重点学科组成的优势学科平台。近年来承担国家重点攻关课题、自然科学基金等各级课题400多项，获得各级成果奖300余项，其中国家科技进步奖9项（其中3项为参与），全国科学大会奖3项。\r\n  \r\n\r\n\r\n科室介绍\r\n\r\n中南大学湘雅二医院妇产科为中南大学重点学科，创建于1958年，1981年获硕士学位授予权，1998年成为湖南省妇产专业首位获得博士学位授予权的单位，2007年成为湖南省妇科腔镜质量控制中心，2009年成立湖南省产前诊断中心。经过几代人的不懈努力，现在已发展成为基础扎实、设备先进、亚专科设置合理、综合实力居国内先进水平的临床学科，是卫生部妇产科专科医师培训基地，是湖南省妇产专业医疗、教学和科研的领头单位。\r\n该学科拥有一支高素质的学术梯队，目前医护及研究人员共117人，其中教授及主任医师7人，副教授及副主任医师15人，博士研究生导师3人，硕士研究生导师16人，具有博士学位13人，硕士学位25人，形成了母胎医学、高危妊娠、妇科肿瘤、普通妇科及生殖内分泌5个稳定的学科发展方向。设立了妊娠并发症、优生和产前诊断、妇科肿瘤、子宫内膜异位症、内分泌、不孕症、更年期等18个专科门诊，拥有4个专科病房，156张床位，建立了生殖医学中心及临床基因扩增检验实验室、遗传优生实验室、围产医学实验室、妇科肿瘤实验室等妇产科专业实验室。\r\n该学科技术力量雄厚，现年均门急诊就诊人数近20+万人次，产科病房年均出院人数近3000人，妇科病房年均出院人数5000余人，年完成妇科手术6000余台。病人来源除湖南省外，还来自中南、华南、西南地区，甚至海外，是湖南省及周边地区妇产科危、急、疑难重症救治和转诊中心，抢救成功率高达98%。率先在国内开展了临床遗传咨询、细胞遗传学的检查，已发现染色体异常病例600余例，其中9例为世界首报异常染色体核型，并开展了自然流产、胎儿出生缺陷的遗传学诊断。产科危急重症救治具有独到之处，在全省乃至全国皆有较高的声誉，目前高危妊娠占住院分娩总数的95%以上。妇科肿瘤，尤其是宫颈病变的规范化诊治居国内领先水平，1983年出版了国内第一本原创《阴道镜图谱》，2006年“宫颈病变规范化诊断与治疗”获得湖南医学科技奖二等奖，2008年被卫生部授予“10年百项宫颈癌的预防及癌前病变规范诊断与治疗的推广项目优秀示范单位”。 率先在省内开展Prolift、Prosima全盆底修复术，以及复杂生殖道畸形手术，具有明显的技术优势。同时还是省内最大的宫腔镜和腹腔镜诊治中心，2006年成为湖南省妇科腔镜质控中心，协助规范全省妇科宫腹腔镜的技术准入，并于2010年成为湖南省唯一的卫生部四级妇科内镜手术培训基地培育单位。生殖中心在1988年诞生了大陆第2例“试管婴儿”及我国第1例异体供胚“试管婴儿”，目前体外受精胚胎移植周期数每年已达800周期左右。妇科内分泌专科多年来开展不孕症及妇科内分泌疾病诊治，对月经失调如多囊卵巢综合征、功能性子宫出血、更年期综合症等疾病，积累了丰富的临床经验，目前与代谢内分泌所共同进行多囊卵巢综合征的研究，率先在省内开展更年期门诊。\r\n该学科近五年承担国家“十五”攻关课题、国家“十一五”支撑计划、国家“863”“973”子课题和中华医学会基金课题共7项 ，教育部博士点基金1项，国际合作课题1项，省部级及其它课题30余项，获得科研经费255万元。在流产、早产、胎膜早破、妊娠高血压疾病、妊娠期肝内胆汁淤积症、子宫内膜异位症、多囊卵巢综合症及卵巢早衰的发病机制和诊疗方法等方面进行了大量的研究，获得各级科技成果奖28项，其中“早产胎膜早破发病机制及预测的研究”于2007年获湖南省科技进步二等奖，“妊娠期肝内胆汁淤积症发病机理及其胎儿缺氧机制的研究” 于2010年获湖南省科技进步二等奖，“免疫性流产发病机制及其诊治”于2009年获湖南省科技进步三等奖，“腹腔镜技术在妇科疾病诊断和治疗中的应用及其基础研究”则获得2010年度湖南医学科技二等奖。近5年在SCI及国内核心刊物上发表科研论文近300篇，主编及参编专著和教材10余部，包括《妇产科学》八年制教材等，培养博士研究生22名、硕士研究生144名，培养妇产科专业医师及进修医生200余名。\r\n该学科是中华医学会妇产科学和围产医学专业委员会全国委员单位，湖南省妇产科学和围产医学专业委员会主任委员单位，中国性学会性专业委员会常务委员单位，湖南省妇科肿瘤学会副主任委员单位。是《中华围产医学杂志》、《中南大学学报(医学版)》、《中国实用妇科与产科杂志》、《实用妇产科学杂志》、《现代妇产科进展》等杂志，以及卫生部七年制、八年制《妇产科学》教材的编委单位。积极参加国际学术交流，每年举办全省或全国继续教育学习班和召开全国性学术会议2～3次。该学科在国内妇产科领域具有重要的学术地位。\r\n\r\n\r\n\r\n\r\n就诊流程\r\n  \r\n \r\n第一步：建卡挂号\r\n \r\n请用二代身份证在自助建卡挂号机上办理诊疗卡 ，同时存入预交金（自助机只识别100元现钞，建议您交纳不少于300元的预交金），然后在自助机上挂号。\r\n　　如果您没带身份证，请到门诊大厅窗口建卡、挂号。\r\n　　中国银行网点申请“长城健康卡”后，在医院自助机激活“长城健康卡”，取挂号凭证。\r\n第二步：就 诊 \r\n \r\n　　凭诊疗卡和挂号单到相应诊区就诊\r\n \r\n \r\n \r\n第三步：打印导诊单\r\n \r\n 　　就诊后由医师打印导诊单或您在自助机上打印导诊单，以便知晓医师给您开的检查、检验项目及处方内容。\r\n \r\n \r\n第四步：缴 费 \r\n \r\n　　诊疗卡内存有预交金的病友，请您在任意自助机上点击“缴费”。\r\n　　如果您的诊疗卡内没有预交金或预交金不够，可选择：\r\n1.自助充值缴费：到门诊大厅的自助建卡挂号机上自行点击“现金充值”、点击“缴费”。\r\n2.窗口排队缴费：到门诊大厅的建卡挂号窗口排队缴费。\r\n \r\n \r\n第五步：相应科室检查、治疗、取药\r\n \r\n','/images/upload_2b7046944171d84d17c9581cd7a0c9c3.jpg','','','',0,'',0,'',0,'',0,'',0,'',0,'','9路车： 金霞苑总站 - 金霞苑 - 汽车北站 - 开福区政府 - 马厂 - 新码头 - 陈家湖 - 伍家岭北 - 伍家岭南 - 潘家坪 - 唐家巷 - 湘雅路口 - 湖南日报 - 松桂园 - 八一桥 - 芙蓉广场 - 浏城桥 - 识字岭(东) - 地质中学 - 湘雅二医院 - 窑岭东 - 曙光路 - 人民路立交桥西(丽人医院) - 人民路立交桥北 - 长沙火车站','122路车： 南郊公园 - 猴子石路口 - 尚美医院(广厦新村) - 公用客车厂 - 殷家冲 - 殷家冲北 - 茅家咀 - 长沙市九中 - 碧沙湖 - 杏花园 - 大椿桥 - 第一师范 - 书院路 - 碧湘街 - 长郡中学 - 城南路口 - 天心阁 - 识字岭(东) - 地质中学 - 湘雅二医院 - 窑岭东 - 曙光路 - 人民路立交桥西(丽人医院) - 高建市场(杨家山西) - 德政园东 - 芙蓉区政府(西) - 万家丽广场 - 远大路口 - 马王堆汽配大市场 - 马王堆医院 - 省老干所 - 火炬村 ','348路车： 汽车西站 - 玉兰路 - 雷锋大道口 - 玉兰路口 - 商学院 - 咸嘉花园 - 咸嘉新村 - 白鸽咀 - 省肿瘤医院 - 湘雅医学院 - 湘雅三医院 - 银双路口 - 桔洲移民小区 - 安居乐园 - 银盆岭大桥西 - 伍家岭南 - 潘家坪 - 唐家巷 - 湘雅路口 - 湖南日报 - 松桂园 - 八一桥 - 芙蓉广场 - 浏城桥 - 识字岭(东) - 地质中学 - 窑岭北 - 文艺路口东 - 合峰电脑城 - 车站路口 - 人民路立交桥北 - 高建市场(杨家山西) - 杨家山南 - 长沙海关 ','301路车： 长华小区 - 商学院 - 咸嘉花园 - 咸嘉新村 - 白鸽咀 - 省肿瘤医院 - 湘雅医学院 - 湘雅三医院 - 桐梓坡 - 六沟垅 - 预制场 - 溁银桥 - 望月湖小区 - 望月湖 - 溁湾镇[新外滩] - 橘子洲大桥西 - 新民学会旧址 - 华图教育(太平街口) - 牛耳教育(南阳街口) - 藩后街 - 柑子园 - 定王台 - 识字岭(东) - 地质中学 - 湘雅二医院 - 窑岭东 - 曙光路 - 人民路立交桥西(丽人医院) - 高建市场(杨家山西) - 德政街 - 德政园','102路车： 汽车南站 - 洞井铺 - 省植物园 - 高升村南 - 高升村北 - 湖南女子大学南院(红星村南) - 中建五局 - 井湾子南 - 井湾子北 - 井坡子 - 林科大 - 潇湘晨报 - 长沙市中心医院 - 铁道学院 - 桔园立交桥北 - 安贞医院(雨花亭北) - 砂子塘 - 省中医附一院(东塘南) - 东塘北 - 曹家坡 - 长岭 - 湘雅二医院 - 地质中学 - 识字岭(东) - 浏城桥 - 芙蓉广场','402路车： 新诚小区 - 银杉路岳华路口 - 银杉路北津城路口 - 银杉路谷山路口 - 长巷子 - 茶子山小区 - 茶子山路口 - 石岭塘 - 观沙岭 - 安居乐园 - 银盆岭大桥西 - 伍家岭南 - 潘家坪 - 唐家巷 - 湘雅路口 - 湖南日报 - 松桂园 - 八一桥 - 芙蓉广场 - 浏城桥 - 识字岭(东) - 地质中学 - 湘雅二医院 - 窑岭南 - 长岭 - 曹家坡 - 东塘北 - 东塘西 - 雅礼中学 - 侯家塘 - 侯家塘西 - 仰天湖 - 白沙路口 - 南门口 - 城南路口 - 天心阁','Y','2015-10-21 11:02:40','2015-10-21 11:02:40'),(24,'江西省妇幼保健院','江西省南昌市八一大道318号','','','','','','','江西省妇幼保健院始建于1953年，是全省妇女儿童医疗、保健、科研、教学、生殖健康技术指导中心，是卫生部确定的国家妇产科主治医师进修基地，是南昌大学医学院、江西省中医学院、赣南医学院等高等医学院校的教学和实习基地，是南昌大学医学院妇产科、儿科硕士研究生学位培训点，是江西中医学院中医妇科硕士研究生学位培训点。产科和妇科肿瘤科、生殖健康科是全省医学领先专业学科，妇科微创介入中心是全省医学领先专业建设学科。\r\n医院编制病床700张，现开放病床860张，年出院病人2.7万余人次，年分娩数9000余人次，全年门诊诊疗人次70万余人次。近年来医院各项业务指标不断提高，病床周转率、住院、手术及门急诊人次大幅增加，平均住院日逐年下降，床位使用率保持在95%以上，全院在岗工作人员1059余人，专业技术人员占职工总数的 87.9 %，高级专业职称医务人员169名，其中14名专家享受国务院政府特殊津贴。\r\n医院分设临床和保健部，临床有产科、妇科、肿瘤科、生殖健康科、辅助生殖中心、中医科、新生儿科、性病科、乳腺科、医学美容整形科、麻醉科急诊科等；门诊设有普通门诊、专家门诊、特需门诊等。保健部设有妇女保健科、儿童保健科、健康教育科、信息资料科。医院重视学科的发展，成立了江西省围产医学中心、产前诊断中心、新生儿疾病筛查中心及妇产科微创介入诊疗中心。医院坚持“以人为本”的服务理念，强调科学管理，不断提高工作效率和科学管理水平，把为人民群众提供安全、有效、方便、价廉的医疗卫生服务，构建和谐的医患关系作为目标，其精湛的医术、优质的服务和高尚的医德医风，受到了广大群众的信赖和认可，以仁医仁术铸就了医院辉煌的历史篇章。近年来，医院先后获得了国家级“爱婴保健院”、“全国首批百姓放心示范医院”、“江西省群众满意医院”、“全国综合医院中医药工作示范单位”和“江西省文明单位”等荣誉称号。\r\n医院始终坚持“科教兴院、人才强院、质量建院”战略，把技术创新作为医院建设和发展的立足点，依靠科技创新，营造专科特色，打造医疗精品，在妇幼保健医疗领域积累了丰硕的医疗和科研成果。多年来，医院先后获得国家科技进步奖、国家科学技术发明奖、国家中医药管理局科技进步奖、国家计生委科技进步奖等奖项8项，省科技进步奖10项，通过省级科技成果鉴定33项、省级新技术引进验收61项，承担卫生部合作科研项目，比尔、盖茨基金国际科研项目，国家十一、五科技支撑项目，卫生部十年百项推广项目，省自然科学基金科研项目等各级各类科研项目450余项。\r\n','/images/upload_d4b5bc3353d32b518a374ae270008663.jpg','28.68','115.91','',0,'',0,'',0,'',0,'',0,'',0,'','','','','','','','Y','2015-10-22 08:10:17','2015-10-22 08:10:17'),(25,'西安交通大学医学院第一附属医院','陕西省西安市雁塔西路277号（原健康路1号）','','','','','','710061','西安交通大学医学院第一附属医院妇产科成立于     年  经过半个多世纪的不断发展  医  教  研均取得了长足进步  目前科室已成为西北地区综合医院妇产科中技术力量雄厚  功能齐全  设备完善  环境优美  服务规范的学科. 妇科早在上世纪八十年代初就涉足生殖内分泌领域  在医护人员的努力下      年西北第一例试管婴儿在西安交大一附院顺利诞生  为西北地区人工辅助生育技术的发展奠定了坚实的基础  目前妇科内分泌在性腺发育异常疾病（性早熟  青春期发育迟缓  原发性性腺功能低下  卵巢早衰等）  月经病（异常子宫出血  子宫内膜异位症  子宫腺疾病  痛经  经前期紧张综合症  闭经  高泌乳素血症等）  围绝经期相关疾病（更年期综合征  泌尿系统萎缩  骨质疏松  盆底功能障碍等）  不孕不育（宫腹腔镜联合评判生殖功能）  多囊卵巢综合征（PCOS）  辅助生殖技术等疾病的诊断和治疗中取了的可喜的成果  ','/images/upload_6fd5d39c9c7e8aeecc42ef2645154630.jpg','34.23','108.94','www.dyyy.xjtu.edu.cn',29,'',0,'',0,'',0,'',0,'',0,'','西郊：101路、106路、503路、504路、24路、14路  南郊：5路、14路、教育专线、24路、204路、713路  东郊： 709路、 716路、710路、401路、401专线、教育专线、  北郊： 618路、46路、18路 ','在火车站可乘坐5路、30路直达我院。','','','','','Y','2015-10-27 10:26:30','2015-10-27 10:26:30'),(26,'中山大学孙逸仙纪念医院','广州市沿江路107号 岭南楼门诊A区5楼 妇科门诊','','','','','','','	有更年期保健要求的女性报名参加，当日高效享受近9小时的医疗服务及健康指导\r\n	由医生、护士和营养师组成团队\r\n	全面客观评价个人的更年期状况，认识更年期的悄然变化\r\n	向患者普及更年期保健知识、合理膳食、有效锻炼、推荐健康生活方式\r\n	制定合理治疗用药，适当转诊。\r\n\r\n\r\n\r\n更年期女性健康指导一日门诊流程\r\n1.	早上8：00—10：30 到我院妇产科门诊完成下列相关检查：\r\nA.	8：00空腹来妇产科门诊报到，集中抽血（生化、性激素、甲功、糖化血红蛋白等），空腹B超（检查肝胆胰脾及乳腺等）。\r\nB.	8：30早餐（可以按平时习惯自带早餐，或按我们的早餐计划在医\r\n院领取早餐，要记录第一口进餐的时间。\r\nB．9：00 在妇产科诊室体检：血压、身高、体重、腰围、臀围、体质指数；专科体检，TCT；体检后填写健康调查表。做妇科B超、盆底监测、骨密度检查。\r\nC. 10：30抽血测餐后2小时血糖。\r\n2． 10：30 —12：00 更年期保健知识及营养专家讲课，生活方式指导。\r\n3． 12：00—14：30  午餐，休息，集中看健康讲座录像。\r\n4． 14：30—15：30  体锻，运动指导\r\n5.  15：30 返回妇产科门诊，取结果，专家点评，对客观指标进行分析并给出\r\n诊疗意见。\r\n\r\n \r\n全面评价更年期状况\r\n问卷                 \r\n体格检查             \r\n生化指标             当日做检查\r\n内分泌指标           当日出结果\r\n骨骼健康             一对一解答\r\n盆底功能评定\r\n\r\n\r\n\r\n\r\n\r\n\r\n合理治疗\r\n健康指导和机能康复训练\r\n药物治疗\r\n动态检查\r\n适当转诊并接受转诊\r\n营养科、内分泌、心内科、神经内科、骨科等\r\n\r\n \r\n','/images/upload_f96ef67d234d1d530c1a213f736126d6.png','23.54','113.60','',0,'',0,'',0,'',0,'',0,'',0,'','','','','','','','Y','2015-10-27 10:38:56','2015-10-27 10:38:56'),(27,'山西医科大学第一医院','医院地址：太原市解放南路85号 ',' 地址： 太原市解放南路85号','','','','','','山西医科大学第一医院创建于1957年。医院前身始建于1919年的山西医学传习所及川至医专，1957年9月山西医学院附属医院奉命抽调部分工作人员，在解放南路新址组建成立山西医学院第一附属医院， 1996年9月5日山西省人民政府批复同意山西医学院更名为山西医科大学。同年12月，山西医学院第一临床医学系更名为山西医科大学第一临床医学院，山西医学院第一附属医院更名为山西医科大学第一医院,隶属于山西医科大学和山西省卫生厅，现任院长肖传实。医院座落于太原市解放南路85号，毗邻美丽的迎泽湖畔，交通便利，环境优美。医院占地面积70176.63平方米、建筑面积118240平方米，共设有86个科室， 其中职能科室26个，临床科室35个，医技科室13个，其它科室12个。国家重点临床专科1个，国家中医药管理局“十二五”重点专科培育项目1个，医院目前床位编制数1500张，固定资产总值14.60亿元。\r\n　　医院拥有多种现代化大型医疗设备630余台（件）,医疗器械总价值5亿余元。高精尖医疗设备PET/CT、回旋加速器和直线加速器，核磁共振（3.0）MRI成像系统等设备的配置和运用为实施高质量的临床诊断和治疗提供了科学依据及保证。\r\n　　医院拥有一支高素质人才队伍，在全院1351名职工中，高级职称518人，博士生导师22人， 硕士生导师218人，享受国务院特殊津贴人员46人，国家333人才工程入选人员20人，卫生部有突出贡献的中青年专家3人，全国新世纪百千万人才工程人选2人。现有临床医学一级学科博士、硕士授权点，担任全国各专业学术委员50余人，在全省54个临床专业委员会（学组）中，主任委员19人、副主任委员有33人。2010年被国家人力资源和社会保障部、全国博士后管理委员会授予为博士后科研工作站及博士后科研流动站单位。\r\n　　随着社会的改革进步和发展，医院的医疗技术水平、教学、科研等方面均有着较大的进展。该院近几年准入的新技术（项目）共201项，其中182项应用于临床，收到了良好的社会效益和经济效益。作为教学医院，平均每年培养本科生1003名、硕士生1500余名、博士生20余名，有6所教学医院，22个教研室。\r\n　　2000年以来，该院承担各类科研项目1175项，科研经费4463.37余万元，其中863子课题4项，国家自然基金22项，国家十五、十一五科技支撑计划项目合作课题13项，十二五重大项目子课题3项。973科研项目一项。在科研创新上，获得山西省科技进步奖200项，其中一等奖24项、二等奖123项、三等奖54项，中华医学科技进步二等奖1项，中华医学科技进步三等奖1项，中国中西医结合学会科学技术二等奖1项，科研技术成果鉴定250项，其中国际领先水平15项、国际先进水平105项。山西省高等学校科学技术奖6项，一等奖3项，二等奖3项。科研鉴定成果9项，省级重点学科9个，学科带头人30人。派出留学人员109人，其中公派留学人员63人，赴国外短期研修学习人员50人，参加国际学术会议170人次，通过学习开展了跨国界交流与合作研究。在临床教学和科学技术研究中发挥着积极重要的推动作用。\r\n　　1993年被评为“爱婴医院”， 1994年被卫生部评为“三等甲级医院”，1995年获省卫生系统医德医风建设先进单位。1997年被省卫生厅授予“医德医风建设标兵单位”1998年被卫生部、商务部、外交部授予“援外先进单位”（全国四家医院之一），1998年被中华医学会授予“全国三甲医院感染工作进步奖”，被省纠风办评为“医德医风建设先进单位”，被省教育工会评为第四届“育人杯”先进集体。1999年被卫生部认定为国际紧急救援中心网络医院，2000年成为全省及全国执行“一日清单”制的典范；连续三年被省卫生厅评为综合治理先进单位； 2001年被评为全国医疗卫生系统企业信誉AAA级（最高级别）单位，2003年获得“全国防治非典型肺炎工作先进基层党组织”和“全国卫生系统抗击非典先进集体”称号。2004年成为中华医院管理学会表彰的首批全国“百姓放心医院、全国百姓放心示范医院”称号，2004年被山西省卫生厅评为“信息工作先进集体”、“档案管理先进集体”； 2005年被卫生部评为“全国医院感染现患率调查先进单位”，2006年被评为“传染病疫情网络直报先进集体”，2008年被评为“全省卫生系统抗震救灾先进集体”，2009年被评为中国十大百姓放心医院、卫生系统先进集体荣誉，2010年荣获卫生系统“内涵建设工程”先进集体。2011年，该院荣获由卫生部颁发的“医院改革创新奖”荣誉称号;获“中国卫生思想政治工作”先进集体、全国教科文卫体系统“先进工会集体”、 卫生厅“五五普法”先进集体的荣誉称号。2012年荣获“山西省文明和谐单位标兵”， “全国综合医院中医药工作示范单位”、“百姓放心百佳示范医院”荣誉称号。\r\n　　山西医科大学第一医院全体人员，坚持以文化为引领，以医疗为根本，以教学为中心，以科研为先导，推进医、教、研、防、管五位一体的办院理念，提出“回归人文、回归临床、回归基本功”的医学氛围，确立“建设临床研究型医院”的战略思想，本着“为百姓保健康、为职工谋福利”的办院宗旨，在院领导班子的带领下，努力进取，开拓创新，为人民的健康服务，争创国内一流品牌医院，谱写山医大一院辉煌的篇章。 \r\n\r\n针对社会老龄化的特点开展特色门诊，从2003年开始在妇产科门诊开展妇科内分泌专科治疗，有专业医生长年出诊，积累了丰富的临床经验，越来越多的妇科内分泌患者慕名而来，为了更好的服务患者，建立更年期患者健康管理档案，长期随访的患者月500余例，同时长年定期利用业余时间免费开展患者健康教育，使更多的女性得到健康的管理，为了更好为患者服务，学科的发展，已于2012年12月成立妇科内分泌科，现在不断的发展壮大中。于2013年、2014年成功举办省第一、第二届更年期规范化管理和内分泌疾病诊治研讨会，参会者达200多人。更年期女性沙龙，公众微信号：sdyy211,QQ群303881805\r\n\r\n山西医科大学第一医院本着“临床研究型医院”的战略定位，将“重点学科，重点扶持，普通学科特色扶持，弱势学科整合发展”作为医院发展的思路，提出“回归人文、回归临床、回归基本功”的理念，搭建学科建设的平台，培养富有人文精神内涵的医学人才。在医疗质量管理方面，重点推进医院关键环节管理和优质护理示范工程活动，最大程度地保障患者的医疗安全。重症医学科、泌尿外科、老年病科、急诊医学科、普通外科被获批国家卫生计生委临床重点建设专科项目，中医药护理学被国家中医药管理局批准为“十二五”重点专科培育项目。\r\n\r\n','/images/upload_86745e34b0dde3ffc97dad84e7925703.jpg','37.86','112.56','',351,'',0,'',0,'',0,'',0,'',0,'','太原市内乘坐3路、4路、610路、822路、831路、838路公共汽车在山医大一院下车。','','','','','','Y','2015-10-27 10:46:01','2015-10-27 10:46:01'),(28,'湖州市妇幼保健院','湖州市东街2号(附地图）','','','','','','','湖州市妇幼保健院，创建于1951年2月，是一所集医疗、教学、科研与妇幼保健、计划生育技术指导、社区卫生服务于一体的三级甲等妇幼保健院，是浙江大学医学院、杭州师范学院医学院和苏州医学院的教学医院，是浙江大学医学院附属儿童医院、浙江大学医学院附属妇产科医院、上海交通大学附属上海市儿童医院的协作医院。\r\n医院占地面积21132平方米，建筑面积76317平方米，核定床位500张，年门诊量约85万余人次，年住院病人3万余人次。医院职工总数962人，其中专业技术人员875人，高级职称136人。\r\n医院设有妇科、产科、儿科、新生儿科、儿内科、乳腺科、生殖计划生育科、急诊科、ICU、内科、普外科、麻醉科、妇女保健科、儿童保健科、更年期保健、青春期保健、眼科、口腔科、营养等临床保健业务科室，以及检验科、药剂科、病理科、放射科、超声科等医技科室。湖州市生殖医学中心、新生儿急救中心、妇科内窥镜诊疗中心、远程医学教育与咨询中心、乳腺疾病防治中心、更年期保健中心、产前诊断中心、少儿视光学中心、新生儿疾病筛查管理中心和全国妇幼卫生管理培训基地、WHO母婴及妇女保健研究培训合作中心临床研究及培训基地均设在我院。\r\n医院拥有1.5T磁共振、三维B超、彩色多普勒、全自动生化分析仪、化学发光免疫分析仪、血气分析仪、全自动酶标分析仪、血细胞流水线分析系统、产前筛查系统、全自动染色体分析系统、全自动麻醉机、数字化摄片机、数字化乳腺摄片、Tu-41胃肠机、双能骨密度仪、斯蒂芬尼、德尔格等呼吸机、长颈鹿开放式暖箱、床边DR摄片机、乳管内视镜、分娩监护系统和系列妇科内窥镜设备等先进的医疗设备。\r\n医院曾获得“全国文明单位”、“全国儿童保健工作先进集体”、“全国妇幼保健工作先进单位”、“全国首批国际爱婴医院”、“全国模范爱婴医院”、“全国三八红旗集体”、“全国医院文化建设先进单位”、“省文明医院”、“省文明示范窗口”、“省平安医院”、“省绿色医院”等多项荣誉称号。\r\n','/images/upload_8b5b3ea97eac181ed5fedb0671fdb8ee.jpg','','','',572,'',572,'',0,'',0,'',0,'',0,'','','','','','','','Y','2015-10-27 11:06:20','2015-10-27 11:06:20'),(29,'长春市妇产医院','长春市南关区西五马路555号 ','D座2楼','','','','','130042','长春市妇产医院妇科内分泌门诊（包含更年期门诊）组建于2002年5月，出诊医生4名，两名主任医生，两名副主任医生，曾先后到北京协和医院、北医三院、北京妇产科医院等地进修学习，现人均门诊量在50-60人次。年门诊量共计5万左右，更年期患者约1万人次/年。重点诊治内容：绝经期相关疾病诊治；更年期咨询及心理调整；多囊卵巢综合征；功血；闭经；不孕等。\r\n\r\n','/images/upload_403270856c0999da7cc82ba810a07036.JPG','43.90','125.34','',0,'',0,'',0,'',0,'',0,'',0,'','','','','','','','Y','2015-11-16 14:31:33','2015-11-16 14:31:33');
/*!40000 ALTER TABLE `clinics` ENABLE KEYS */;
UNLOCK TABLES;

--
-- Table structure for table `comments`
--

DROP TABLE IF EXISTS `comments`;
/*!40101 SET @saved_cs_client     = @@character_set_client */;
/*!40101 SET character_set_client = utf8 */;
CREATE TABLE `comments` (
  `id` int(10) unsigned NOT NULL AUTO_INCREMENT,
  `article_id` int(10) unsigned NOT NULL,
  `user_id` int(10) unsigned NOT NULL,
  `title` varchar(150) COLLATE utf8_unicode_ci NOT NULL,
  `body` mediumtext COLLATE utf8_unicode_ci NOT NULL,
  `active` varchar(1) COLLATE utf8_unicode_ci NOT NULL,
  `created_at` datetime NOT NULL,
  `updated_at` datetime DEFAULT NULL,
  PRIMARY KEY (`id`),
  KEY `comments_article_id_foreign` (`article_id`),
  KEY `comments_user_id_foreign` (`user_id`),
  CONSTRAINT `comments_article_id_foreign` FOREIGN KEY (`article_id`) REFERENCES `articles` (`id`),
  CONSTRAINT `comments_user_id_foreign` FOREIGN KEY (`user_id`) REFERENCES `users` (`id`)
) ENGINE=InnoDB AUTO_INCREMENT=5 DEFAULT CHARSET=utf8 COLLATE=utf8_unicode_ci;
/*!40101 SET character_set_client = @saved_cs_client */;

--
-- Dumping data for table `comments`
--

LOCK TABLES `comments` WRITE;
/*!40000 ALTER TABLE `comments` DISABLE KEYS */;
INSERT INTO `comments` VALUES (1,1,1,'夫人围观','','1','2015-09-04 15:55:14','2015-09-04 15:55:16'),(2,8,1,'baz','','Y','2015-09-19 11:29:17','2015-09-19 11:31:40'),(3,8,1,'foo','bar','Y','2015-09-19 11:30:06','2015-09-19 11:30:06'),(4,8,1,'foo','bar','Y','2015-09-19 11:30:49','2015-09-19 11:30:49');
/*!40000 ALTER TABLE `comments` ENABLE KEYS */;
UNLOCK TABLES;

--
-- Table structure for table `doctors`
--

DROP TABLE IF EXISTS `doctors`;
/*!40101 SET @saved_cs_client     = @@character_set_client */;
/*!40101 SET character_set_client = utf8 */;
CREATE TABLE `doctors` (
  `id` int(10) unsigned NOT NULL AUTO_INCREMENT,
  `clinic_id` int(10) unsigned NOT NULL,
  `name` varchar(255) NOT NULL,
  `occupation` varchar(255) DEFAULT NULL,
  `picture` text,
  `hours` varchar(255) DEFAULT NULL,
  `hours_1` varchar(255) DEFAULT NULL,
  `hours_2` varchar(255) DEFAULT NULL,
  `hours_3` varchar(255) DEFAULT NULL,
  `hours_4` varchar(255) DEFAULT NULL,
  `hours_5` varchar(255) DEFAULT NULL,
  `hours_6` varchar(255) DEFAULT NULL,
  `hours_7` varchar(255) DEFAULT NULL,
  `active` varchar(1) NOT NULL,
  `created_at` datetime NOT NULL,
  `updated_at` datetime DEFAULT NULL,
  PRIMARY KEY (`id`),
  KEY `doctors_clinic_id_foreign` (`clinic_id`),
  CONSTRAINT `doctors_clinic_id_foreign` FOREIGN KEY (`clinic_id`) REFERENCES `clinics` (`id`)
) ENGINE=InnoDB AUTO_INCREMENT=70 DEFAULT CHARSET=utf8;
/*!40101 SET character_set_client = @saved_cs_client */;

--
-- Dumping data for table `doctors`
--

LOCK TABLES `doctors` WRITE;
/*!40000 ALTER TABLE `doctors` DISABLE KEYS */;
INSERT INTO `doctors` VALUES (2,4,'惠英','主任医生','/images/upload_d38e60b517f00cd29a4c820c45ccceac.png','周四下午','','','','','','','','Y','2015-10-17 13:12:55','2015-10-17 13:12:55'),(3,5,'唐良萏','主任医师','/images/upload_780f69b43407e242ce119899d328941f.png','周三上午','','','','','','','','Y','2015-10-17 13:30:57','2015-10-17 13:30:57'),(4,6,'阮祥燕','主任医师','/images/upload_3af03b9d471466b62bf17fea0455e887.png','周一、周三、周五全天，其中周三下午为特需门诊','','','','','','','','Y','2015-10-17 13:49:23','2015-10-17 13:49:23'),(5,6,'史樱','主任医师','/images/upload_5e0e411fd9d2b43699f99181bbf02d63.png','周一 ～ 周五全天','','','','','','','','Y','2015-10-17 13:51:50','2015-10-17 13:51:50'),(6,6,'殷冬梅','副主任医师','/images/upload_d8cdb0ed601c6ba885a71e306824b882.png','周一 ～ 周五全天','','','','','','','','Y','2015-10-17 13:58:52','2015-10-17 13:58:52'),(7,6,'柳顺玉','副主任医师','/images/upload_d3cca5b18fa97a4d359745d8fe00219b.png','周一 ～ 周五全天','','','','','','','','Y','2015-10-17 14:12:37','2015-10-17 14:12:37'),(8,6,'王娟','主治医师','/images/upload_bddb7a352ed1603f56f6a37942cdc427.png','周一 ～ 周五全天','','','','','','','','Y','2015-10-17 14:14:08','2015-10-17 14:14:08'),(9,6,'金凤羽','主治医师','/images/upload_632e9ac816d10efdb624bb34f254e187.png','周一 ～ 周五全天','','','','','','','','Y','2015-10-17 14:15:32','2015-10-17 14:15:32'),(10,7,'张学红','主任医师、教授、博士生导师、兰州大学第一医院副院长、兰州大学第一医院生殖医学专科医院院长','/images/upload_16e6f618b0f151ecfbe3f9f8552f1d83.png','每周星期一、星期四上午','','','','','','','','Y','2015-10-17 14:29:00','2015-10-17 14:29:00'),(11,8,'任慕兰','教授，东南大学妇产科学系主任','/images/upload_239bcfbcc4e5d5c5df932f421c056661.png','本部  周一上午   周三上午   ','北院  周一下午   周二上午','','','','','','','Y','2015-10-17 14:43:43','2015-10-17 14:43:43'),(12,8,'彭丹红','主任医师，医学博士','/images/upload_0d9b806d4a453c8a6e69d0916e1424b9.png','本部  周四上午   周五上午   ','北院  周一上午','','','','','','','Y','2015-10-17 14:46:22','2015-10-17 14:46:22'),(13,8,'高永星','副主任医师，医学硕士，四级腔镜培训教师','/images/upload_91d47cde489e6cbc9c06e92cdbd8aead.png','本部  周三上午   周五上午                  ','','','','','','','','Y','2015-10-17 14:57:10','2015-10-17 14:57:10'),(14,8,'沈杨','副教授，医学博士，留美学者，江苏省妇产科学会青年委员','/images/upload_e1dc316933987ad06519a989a13839d8.png','本部   周五下午  ','','','','','','','','Y','2015-10-17 14:59:20','2015-10-17 14:59:20'),(15,8,'王艳','医师，留德医学博士','/images/upload_497162e6931dbe2312cea65a852140f2.png','周1 ～ 5 全天 ','','','','','','','','Y','2015-10-17 15:05:18','2015-10-17 15:05:18'),(16,9,'张雪玉','主任医师','/images/upload_20d4da2d021a18b0259d4a88cc530f81.jpg','每周三8:00-17：00','','','','','','','','Y','2015-10-17 15:18:19','2015-10-17 15:18:19'),(18,10,'陈蓉','','/images/upload_66caad4e719d6b7a369865e251bedb14.jpg','','','','','','','','','Y','2015-10-17 15:37:51','2015-10-17 15:37:51'),(19,11,'丁岩','主任医师','/images/upload_a261e85720af535954d3ad151402e8b4.jpg','星期二 15：30-19：00','','','','','','','','Y','2015-10-17 16:10:38','2015-10-17 16:10:38'),(20,11,'马俊旗','主任医师','/images/upload_4d2d331c84127d6dec8b62a76dcaf9ac.png','星期三10：00-13：30 ','','','','','','','','Y','2015-10-17 16:12:53','2015-10-17 16:12:53'),(21,11,'林琳','主任医师','/images/upload_705868ccda2af8792ccf07349c5cad91.png','星期三15：30-19：00  ','','','','','','','','Y','2015-10-17 16:14:03','2015-10-17 16:14:03'),(22,12,'史惠蓉','','/images/upload_8cc1a165c1d2e4736970d7839de91dd4.png','周三上午','','','','','','','','Y','2015-10-18 15:24:07','2015-10-18 15:24:07'),(23,12,'李留霞','','/images/upload_d2fe2304b00f17d864f9a1c9c2fd701b.png','周四下午','','','','','','','','Y','2015-10-18 15:25:12','2015-10-18 15:25:12'),(24,12,'郭瑞霞','','/images/upload_acb3b760d144c477a86880ee5f278e9d.png','周六上午','','','','','','','','Y','2015-10-18 15:26:20','2015-10-18 15:26:20'),(25,12,'纪  妹','','/images/upload_d71940b1906c9722e3b733ba03a55d42.png','周五上午','','','','','','','','Y','2015-10-18 15:27:21','2015-10-18 15:27:21'),(26,12,'李爱军','','/images/upload_6b4ebd3e0047f1165cd271635053e58a.png','周二下午','','','','','','','','Y','2015-10-18 15:28:17','2015-10-18 15:28:17'),(27,13,'吴洁','主任医师、医学博士、教授、博士生导师','/images/upload_db2627b4f129cd6d954ee490edb961e3.png','周二全天，周三下午，周四上午','','','','','','','','Y','2015-10-18 15:36:54','2015-10-18 15:36:54'),(28,13,'葛环','主任医师','/images/upload_76008dd164e09316ffc701bb06da0d67.png','周五全天','','','','','','','','Y','2015-10-18 15:37:58','2015-10-18 15:37:58'),(29,13,'张宏秀','医学博士，硕士生导师','/images/upload_e9f6d2448a7ebefe09f2a53e6d5e5651.png','周一全天','','','','','','','','Y','2015-10-18 15:39:04','2015-10-18 15:39:04'),(30,13,'笪红英','医学硕士','/images/upload_535026c8594cdd7de859c0ef0802c861.png','周三全天','','','','','','','','Y','2015-10-18 15:40:08','2015-10-18 15:40:08'),(31,13,'王晓莉','','/images/upload_69cce4e68ef802a327d61cb69cfcd848.png','周四全天','','','','','','','','Y','2015-10-18 15:41:10','2015-10-18 15:41:10'),(32,13,'李冬华','医学硕士，主治医师','/images/upload_751655954ed645a3a7eb1b6ab2fb653a.png','周四全天','','','','','','','','Y','2015-10-18 15:42:28','2015-10-18 15:42:28'),(33,13,'浦丹华','医学博士，主治医师','/images/upload_b59befccf9d63795532bb065e36d197c.png','周三全天','','','','','','','','Y','2015-10-18 15:43:30','2015-10-18 15:43:30'),(34,13,'常小霞','医学硕士，主治医师','/images/upload_cec3134664802a640b36c1bfb499b067.png','周二全天','','','','','','','','Y','2015-10-18 15:44:24','2015-10-18 15:44:24'),(35,14,'张淑兰','','/images/upload_a7c272e1cda641f45949e53a7ffc7132.jpg','周二，1号楼B座3楼特需门诊','','','','','','','','Y','2015-10-18 15:56:33','2015-10-18 15:56:33'),(36,14,'马晓欣','','/images/upload_a47ab0dbd32e5efceeaefe26e11f7ddb.png','周二、周五，1号楼B座4楼专家门诊','','','','','','','','Y','2015-10-18 15:57:20','2015-10-18 15:57:20'),(37,14,'马颖','','/images/upload_b6dabdcb08712097d2ebfb1992bb1395.png','周一到周五，1号楼B座5楼妇科门诊','','','','','','','','Y','2015-10-18 15:58:06','2015-10-18 15:58:06'),(38,14,'宋宁','','/images/upload_61ac6650bfe70296ec8c2417933e97e9.png','周一到周五，1号楼4楼妇科门诊','','','','','','','','Y','2015-10-18 15:58:46','2015-10-18 15:58:46'),(39,15,'张绍芬','','/images/upload_db890eec9828ba2a0d6a26252e7e8a26.jpg','周五全天','杨浦院区：周一全天，周四全天','','','','','','','Y','2015-10-19 10:22:03','2015-10-19 10:22:03'),(40,16,'李佩玲','','/images/upload_6fe4f1c9bcffe53c0525d9e0ed7df2a6.jpg','每周一至周五全天','','','','','','','','Y','2015-10-19 11:13:43','2015-10-19 11:13:43'),(41,17,'罗爱月','主治医师','/images/upload_620a87cebf50ddeb3fe57999f9e31326.png','每周一下午','','','','','','','','Y','2015-10-19 11:37:16','2015-10-19 11:37:16'),(42,17,'杨书红','主治医师','/images/upload_685939f698846e10b757a39919bf06c7.png','每周三下午','','','','','','','','Y','2015-10-19 11:38:29','2015-10-19 11:38:29'),(47,19,'雷小敏','主任医师','/images/upload_32bbf871f71e71c261e47b3e6630d2c9.jpg','周二，三，五上午','','','','','','','','Y','2015-10-19 14:16:12','2015-10-19 14:16:12'),(48,19,'王俊杰','付主任医生','/images/upload_e356aff11ba2bff1afbe1359af7d6115.png','周一，三上午','','','','','','','','Y','2015-10-19 14:17:54','2015-10-19 14:17:54'),(49,20,'高凤霞','副主任医师','/images/upload_6dff33b4079e3ddc0efe5afed5786c28.png','每周二全天','','','','','','','','Y','2015-10-19 14:27:17','2015-10-19 14:27:17'),(50,22,'穆玉兰','','/images/upload_922033e50384834be1a6ffbef5deacf0.jpg','周二全天：中心院区','周四全天：东院区','','','','','','','Y','2015-10-21 10:48:27','2015-10-21 10:48:27'),(51,22,'李继俊','','/images/upload_6607dfd9485a165c497055e42460f0c6.jpg','周四、五上午及周六全天：中心院区','周二全天：东院区','','','','','','','Y','2015-10-21 10:51:17','2015-10-21 10:51:17'),(52,23,'符书馨','教授','/images/upload_f99bc7a6abec129b8664f2bd319a4c48.jpg','周一、二、四全天','','','','','','','','Y','2015-10-21 11:06:08','2015-10-21 11:06:08'),(53,24,'陶玉玲','','/images/upload_08a55f1e4fca8e1fefbeed466da6aa30.png','周一上午','','','','','','','','Y','2015-10-22 08:11:35','2015-10-22 08:11:35'),(54,24,'胡丽莎','','/images/upload_2f2e5504822cfbfd2809630674e90197.png','周一下午、周五下午','','','','','','','','Y','2015-10-22 08:12:40','2015-10-22 08:12:40'),(55,24,'杜晓寒','','/images/upload_0ef3512f29d40aefbb6ce2ceb622dab3.png','周二上午','','','','','','','','Y','2015-10-22 08:13:25','2015-10-22 08:13:25'),(56,24,'王小萍','','/images/upload_195ee5a936306cb2c10b6eb0fb401b03.png','周二下午、周四上午','','','','','','','','Y','2015-10-22 08:21:43','2015-10-22 08:21:43'),(57,24,'张倩平','','/images/upload_3815ff01782557f5100b8ea54a0f3e85.png','周三上午、周五上午','','','','','','','','Y','2015-10-22 08:22:36','2015-10-22 08:22:36'),(58,24,'陈梅花','','/images/upload_55ec5ffd4c36d5e29924319561567388.png','周三下午','','','','','','','','Y','2015-10-22 08:23:25','2015-10-22 08:23:25'),(59,24,'舒宽勇','','/images/upload_f69ec3fc65d7099aac6da16b52a794eb.png','周四下午','','','','','','','','Y','2015-10-22 08:24:15','2015-10-22 08:24:15'),(60,25,'吕淑兰','教授','/images/upload_1ea602e2f45d7d72f9e035e4c4e9fae5.jpg','妇科内分泌(绝经)专科门诊 :周四下午,周五上午','','','','','','','','Y','2015-10-27 10:28:30','2015-10-27 10:28:30'),(61,25,'李芬','教授','/images/upload_b083f91644114e21d2683f7b1d12138e.jpg','绝经专科门诊:周二,周四上午,周五下午','','','','','','','','Y','2015-10-27 10:30:24','2015-10-27 10:30:24'),(62,27,'郭雪桃','','/images/upload_48bd50390c0e01623c3769dfea8968e3.jpg','周一至周五全天，其中周三和周五下午在山西医科大学第一医院综合医疗部（山西博爱医院）出诊。','','','','','','','','Y','2015-10-27 10:47:32','2015-10-27 10:47:32'),(63,28,'金敏娟','','/images/upload_04e0dfa6f101cb4f8d7664de41a83299.png','周一至周五全天，周六上午半天','','','','','','','','Y','2015-10-27 11:07:38','2015-10-27 11:07:38'),(64,10,'郁琦','教授，中华医学会妇产科学分会绝经学组组长','/images/upload_d0c2e917f5bfedf5284d70931b99fb4f.jpg','','','','','','','','','Y','2015-10-28 06:56:38','2015-10-28 06:56:38'),(65,29,'阴春霞','业务院长，主任医师，硕士生导师','/images/upload_88d0f2c315929825b43017cbd706b36a.png','每周四上午、周日全天出诊','','','','','','','','Y','2015-11-16 14:32:59','2015-11-16 14:32:59'),(66,29,'田红雨','门诊主任，主任医师','/images/upload_8f84e23b24d27e370e646c447bd5bc4f.png','每周三、四、六全天出诊','','','','','','','','Y','2015-11-16 14:33:50','2015-11-16 14:33:50'),(67,29,'刘春梅','副主任医师','/images/upload_f4663e8d15b8017d65f6b5396cf88736.png','每周一、二、三、五、六全天出诊','','','','','','','','Y','2015-11-16 14:34:44','2015-11-16 14:34:44'),(68,29,'鞠宏姝','副主任医师','/images/upload_ff96f9954c1e369f9ebc355843d1ab7d.png','每周一、二、四、五、日全天出诊','','','','','','','','Y','2015-11-16 14:35:37','2015-11-16 14:35:37'),(69,4,'test1','','/images/upload_9e74c395b75df7056ff1b12563bd6f33.png','','','','','','','','','Y','2016-02-09 12:00:22','2016-02-09 12:00:22');
/*!40000 ALTER TABLE `doctors` ENABLE KEYS */;
UNLOCK TABLES;

--
-- Table structure for table `information`
--

DROP TABLE IF EXISTS `information`;
/*!40101 SET @saved_cs_client     = @@character_set_client */;
/*!40101 SET character_set_client = utf8 */;
CREATE TABLE `information` (
  `id` int(10) unsigned NOT NULL AUTO_INCREMENT,
  `os` varchar(255) NOT NULL,
  `version` int(11) NOT NULL,
  `url` varchar(255) NOT NULL,
  `created_at` datetime NOT NULL,
  `updated_at` datetime DEFAULT NULL,
  PRIMARY KEY (`id`)
) ENGINE=InnoDB DEFAULT CHARSET=utf8;
/*!40101 SET character_set_client = @saved_cs_client */;

--
-- Dumping data for table `information`
--

LOCK TABLES `information` WRITE;
/*!40000 ALTER TABLE `information` DISABLE KEYS */;
/*!40000 ALTER TABLE `information` ENABLE KEYS */;
UNLOCK TABLES;

--
-- Table structure for table `questions`
--

DROP TABLE IF EXISTS `questions`;
/*!40101 SET @saved_cs_client     = @@character_set_client */;
/*!40101 SET character_set_client = utf8 */;
CREATE TABLE `questions` (
  `id` int(10) unsigned NOT NULL AUTO_INCREMENT,
  `question` varchar(255) COLLATE utf8_unicode_ci NOT NULL,
  `answer_a` varchar(255) COLLATE utf8_unicode_ci NOT NULL,
  `answer_b` varchar(255) COLLATE utf8_unicode_ci NOT NULL,
  `answer_c` varchar(255) COLLATE utf8_unicode_ci NOT NULL,
  `answer_d` varchar(255) COLLATE utf8_unicode_ci NOT NULL,
  PRIMARY KEY (`id`)
) ENGINE=InnoDB AUTO_INCREMENT=4 DEFAULT CHARSET=utf8 COLLATE=utf8_unicode_ci;
/*!40101 SET character_set_client = @saved_cs_client */;

--
-- Dumping data for table `questions`
--

LOCK TABLES `questions` WRITE;
/*!40000 ALTER TABLE `questions` DISABLE KEYS */;
INSERT INTO `questions` VALUES (1,'1','让4确认','让3人','让确认','人体其他'),(2,'2','翻噶围观','各位阿哥','隔热瓦嘎','噶为'),(3,'3','过去问阿刚','岗位啊','各位阿哥','');
/*!40000 ALTER TABLE `questions` ENABLE KEYS */;
UNLOCK TABLES;

--
-- Table structure for table `reminders`
--

DROP TABLE IF EXISTS `reminders`;
/*!40101 SET @saved_cs_client     = @@character_set_client */;
/*!40101 SET character_set_client = utf8 */;
CREATE TABLE `reminders` (
  `id` int(10) unsigned NOT NULL AUTO_INCREMENT,
  `user_id` int(10) unsigned NOT NULL,
  `day` varchar(40) DEFAULT NULL,
  `time` varchar(50) DEFAULT NULL,
  `medicine` varchar(1) DEFAULT NULL,
  `pad` varchar(1) DEFAULT NULL,
  `medicine_name` varchar(255) DEFAULT NULL,
  `daily` varchar(1) DEFAULT NULL,
  `weekly` varchar(1) DEFAULT NULL,
  `active` varchar(1) NOT NULL,
  `created_at` datetime NOT NULL,
  `updated_at` datetime DEFAULT NULL,
  `therapy_start_date` datetime DEFAULT NULL,
  PRIMARY KEY (`id`),
  KEY `reminders_user_id_foreign` (`user_id`),
  CONSTRAINT `reminders_user_id_foreign` FOREIGN KEY (`user_id`) REFERENCES `users` (`id`)
) ENGINE=InnoDB AUTO_INCREMENT=166 DEFAULT CHARSET=utf8;
/*!40101 SET character_set_client = @saved_cs_client */;

--
-- Dumping data for table `reminders`
--

LOCK TABLES `reminders` WRITE;
/*!40000 ALTER TABLE `reminders` DISABLE KEYS */;
INSERT INTO `reminders` VALUES (65,42,NULL,'15:32','y','n','查尔斯','y','y','Y','2015-09-21 08:32:13','2015-10-10 21:07:55',NULL),(66,42,'2015/9/21','2015/10/21,2016/01/21,2016/07/21','n','n',NULL,'y','y','Y','2015-09-21 08:32:13','2015-10-10 21:07:55',NULL),(67,42,NULL,'12:32,13:32','n','y','测试了，','y','y','Y','2015-09-21 08:32:13','2015-10-10 21:07:55',NULL),(68,98,NULL,'9:0,12:0','y','n','阿莫西林','y','y','Y','2015-09-21 09:07:59','2015-09-21 09:07:59',NULL),(69,98,NULL,'10:0,11:0,15:0','n','y','哈哈','y','y','Y','2015-09-21 09:07:59','2015-09-21 09:07:59',NULL),(70,98,'2015/5/20','2015/06/20,2015/09/20,2016/03/20','n','n',NULL,'y','y','Y','2015-09-21 09:07:59','2015-09-21 09:07:59',NULL),(71,99,NULL,'9:5,13:5','y','n','阿莫西林','y','y','Y','2015-09-21 10:05:36','2015-09-21 10:08:29',NULL),(72,99,'2015/2/20','2015/03/20,2015/06/20,2015/12/20','n','n',NULL,'y','y','Y','2015-09-21 10:05:36','2015-09-21 10:08:29',NULL),(73,99,NULL,'12:8','n','y','哈哈','y','y','Y','2015-09-21 10:05:36','2015-09-21 10:08:29',NULL),(74,59,NULL,'8:40,17:40','n','y','口服液','y','y','Y','2015-10-12 10:39:26','2015-10-12 10:40:06',NULL),(75,59,'2015/8/12','2015/09/12,2015/12/12,2016/06/12','n','n',NULL,'y','y','Y','2015-10-12 10:39:26','2015-10-12 10:40:06',NULL),(76,59,NULL,'8:38,13:40','y','n','阿莫西林','y','y','Y','2015-10-12 10:39:26','2015-10-12 10:40:06',NULL),(77,241,NULL,'13:44,8:44,20:44','n','y','bc','y','y','Y','2015-10-12 18:44:51','2015-10-12 18:44:51',NULL),(78,241,NULL,'16:44,14:44','y','n','ABC','y','y','Y','2015-10-12 18:44:51','2015-10-12 18:44:51',NULL),(79,241,'2013/10/8','2013/11/08,2014/02/08,2014/08/08','n','n',NULL,'y','y','Y','2015-10-12 18:44:51','2015-10-12 18:44:51',NULL),(80,346,NULL,'14:34,16:34,21:34','y','n','ABC','y','y','Y','2015-10-19 19:35:07','2015-10-19 19:35:07',NULL),(81,346,NULL,'8:29,14:34,22:35','n','y','zz','y','y','Y','2015-10-19 19:35:07','2015-10-19 19:35:07',NULL),(82,346,'2015/5/17','2015/06/17,2015/09/17,2016/03/17','n','n',NULL,'y','y','Y','2015-10-19 19:35:07','2015-10-19 19:35:07',NULL),(83,352,'2015/3/21','2015/04/21,2015/07/21,2016/01/21','n','n',NULL,'y','y','Y','2015-10-21 09:18:22','2015-10-21 09:18:22',NULL),(84,352,NULL,'8:17,17:18','n','y','补充剂','y','y','Y','2015-10-21 09:18:22','2015-10-21 09:18:22',NULL),(85,352,NULL,'8:12,13:17,22:17','y','n','nedfmohabc','y','y','Y','2015-10-21 09:18:22','2015-10-21 09:18:22',NULL),(86,371,NULL,'11:0,15:0','n','y','口服液','y','y','Y','2015-10-22 09:00:59','2015-10-22 09:01:52',NULL),(87,371,'2015/5/22','2015/06/22,2015/09/22,2016/03/22','n','n',NULL,'y','y','Y','2015-10-22 09:00:59','2015-10-22 09:01:52',NULL),(88,371,NULL,'10:0,14:0','y','n','阿莫西林','y','y','Y','2015-10-22 09:00:59','2015-10-22 09:01:52',NULL),(89,382,NULL,'15:0,19:0','n','y','外用剂','y','y','Y','2015-10-22 17:01:26','2015-10-22 17:01:26',NULL),(90,382,'2015/5/20','2015/06/20,2015/09/20,2016/03/20','n','n',NULL,'y','y','Y','2015-10-22 17:01:26','2015-10-22 17:01:26',NULL),(91,382,NULL,'9:37,14:0,19:0','y','n','ABC','y','y','Y','2015-10-22 17:01:26','2015-10-22 17:01:26',NULL),(92,398,NULL,'7:9,12:12,22:8','y','n','AB VC x','y','y','Y','2015-10-24 19:17:10','2015-10-24 19:17:10',NULL),(93,398,'2015/5/22','2015/06/22,2015/09/22,2016/03/22','n','n',NULL,'y','y','Y','2015-10-24 19:17:10','2015-10-24 19:17:10',NULL),(94,398,NULL,'11:12,21:13','n','y','hbhj','y','y','Y','2015-10-24 19:17:10','2015-10-24 19:17:10',NULL),(95,400,NULL,'11:55,19:55','n','y','口服液','y','y','Y','2015-10-25 13:54:42','2015-10-25 13:54:42',NULL),(96,400,NULL,'11:55,19:55','n','y','口服液','y','y','Y','2015-10-25 13:54:42','2015-10-25 17:22:54',NULL),(97,400,'2015/7/25','2015/08/25,2015/11/25,2016/05/25','n','n',NULL,'y','y','Y','2015-10-25 13:54:42','2015-10-25 13:54:42',NULL),(98,417,NULL,'17:52,17:52','y','n','4444','y','y','Y','2015-10-25 17:47:55','2015-10-25 17:49:02',NULL),(99,417,'请选择','17:52,17:52','n','n','eqwe','y','y','Y','2015-10-25 17:47:55','2015-10-25 17:47:55',NULL),(100,417,'请选择','请选择用药时间','n','n','请输入药品名称','y','y','Y','2015-10-25 17:49:02','2015-10-25 17:49:02',NULL),(101,417,NULL,'请选择用药时间','n','y','请输入药品名称','y','y','Y','2015-10-25 17:49:02','2015-10-25 17:49:02',NULL),(102,418,NULL,'18:08,18:08','y','n','111','y','y','Y','2015-10-25 18:04:55','2015-10-25 18:04:55',NULL),(103,418,NULL,'18:09,18:09,18:09','n','y','222','y','y','Y','2015-10-25 18:04:55','2015-10-25 18:04:55',NULL),(104,418,'2015/10/24','18:09,18:09,18:09','n','n','222','y','y','Y','2015-10-25 18:04:55','2015-10-25 18:04:55',NULL),(105,421,NULL,'22:10,22:10','y','n','wqe','y','y','Y','2015-10-25 22:08:11','2015-10-25 22:08:11',NULL),(106,421,'2015/10/24','22:10,22:10','n','n','111','y','y','Y','2015-10-25 22:08:11','2015-10-25 22:08:11',NULL),(107,421,NULL,'22:10,22:10','n','y','111','y','y','Y','2015-10-25 22:08:11','2015-10-25 22:08:11',NULL),(108,422,NULL,'请选择用药时间','y','n','请输入药品名称','y','y','Y','2015-10-25 22:16:23','2015-10-25 22:16:23',NULL),(109,422,'请选择','请选择用药时间','n','n','请输入药品名称','y','y','Y','2015-10-25 22:16:23','2015-10-25 22:16:23',NULL),(110,422,NULL,'请选择用药时间','n','y','请输入药品名称','y','y','Y','2015-10-25 22:16:23','2015-10-25 22:16:23',NULL),(111,423,NULL,'22:22,22:22','n','y','222','y','y','Y','2015-10-25 22:18:16','2015-10-25 22:32:40',NULL),(112,423,'2015/10/24','22:22,22:22','n','n','222','y','y','Y','2015-10-25 22:18:16','2015-10-25 22:18:16',NULL),(113,423,NULL,'22:22,22:22','n','y','222','y','y','Y','2015-10-25 22:18:16','2015-10-25 22:18:16',NULL),(114,424,NULL,'22:30','n','y','aaa','y','y','Y','2015-10-25 22:27:13','2015-10-25 22:30:33',NULL),(115,424,NULL,'22:30','n','y','aaa','y','y','Y','2015-10-25 22:27:13','2015-10-25 22:27:13',NULL),(116,424,'2015/10/24','22:30','n','n','aaa','y','y','Y','2015-10-25 22:27:13','2015-10-25 22:27:13',NULL),(117,400,NULL,'18:16,06:16','y','n','阿莫西林','y','y','Y','2015-10-25 23:16:50','2015-10-25 23:16:50',NULL),(118,400,NULL,'18:16,06:16','y','n','阿莫西林','y','y','Y','2015-10-25 23:16:52','2015-10-25 23:16:52',NULL),(119,400,NULL,'18:16,06:16','y','n','阿莫西林','y','y','Y','2015-10-25 23:16:54','2015-10-25 23:16:54',NULL),(120,400,NULL,'18:16,06:16','y','n','阿莫西林','y','y','Y','2015-10-25 23:16:55','2015-10-25 23:16:55',NULL),(121,400,NULL,'18:16,06:16','y','n','阿莫西林','y','y','Y','2015-10-25 23:16:55','2015-10-25 23:16:55',NULL),(122,400,NULL,'18:16,06:16','y','n','阿莫西林','y','y','Y','2015-10-25 23:16:55','2015-10-25 23:16:55',NULL),(123,400,NULL,'18:16,06:16','y','n','阿莫西林','y','y','Y','2015-10-25 23:16:56','2015-10-25 23:16:56',NULL),(124,400,NULL,'18:16,06:16','y','n','阿莫西林','y','y','Y','2015-10-25 23:16:56','2015-10-25 23:16:56',NULL),(125,400,NULL,'18:16,06:16','y','n','阿莫西林','y','y','Y','2015-10-25 23:16:57','2015-10-25 23:16:57',NULL),(126,400,NULL,'18:16,06:16','y','n','阿莫西林','y','y','Y','2015-10-25 23:16:57','2015-10-25 23:16:57',NULL),(127,400,NULL,'18:16,06:16','y','n','阿莫西林','y','y','Y','2015-10-25 23:16:57','2015-10-25 23:16:57',NULL),(128,400,NULL,'18:16,06:16','y','n','阿莫西林','y','y','Y','2015-10-25 23:16:57','2015-10-25 23:16:57',NULL),(129,400,NULL,'18:16,06:16','y','n','阿莫西林','y','y','Y','2015-10-25 23:16:58','2015-10-25 23:16:58',NULL),(130,400,NULL,'18:16,06:16','y','n','阿莫西林','y','y','Y','2015-10-25 23:16:58','2015-10-25 23:16:58',NULL),(131,400,NULL,'18:16,06:16','y','n','阿莫西林','y','y','Y','2015-10-25 23:16:59','2015-10-25 23:16:59',NULL),(132,400,NULL,'18:16,06:16','y','n','阿莫西林','y','y','Y','2015-10-25 23:16:59','2015-10-26 09:06:15',NULL),(133,400,NULL,'11:55,19:55','n','y','口服液','y','y','Y','2015-10-25 23:16:59','2015-10-26 09:06:15',NULL),(135,425,NULL,'23:31','n','y','aaaaaa','y','y','Y','2015-10-25 23:27:28','2015-10-25 23:27:28',NULL),(136,425,'2015/10/24','23:31','n','n','aaaaaa','y','y','Y','2015-10-25 23:27:28','2015-10-25 23:27:28',NULL),(137,425,NULL,'请选择用药时间','y','n','请输入药品名称','y','y','Y','2015-10-25 23:29:07','2015-10-25 23:29:07',NULL),(138,426,NULL,'23:39','n','y','aaaaaa','y','y','Y','2015-10-25 23:35:37','2015-10-25 23:35:37',NULL),(140,426,'2015/10/24',NULL,'n','n',NULL,'y','y','Y','2015-10-25 23:35:37','2015-10-25 23:35:37',NULL),(141,426,NULL,'请选择用药时间','y','n','请输入药品名称','y','y','Y','2015-10-25 23:36:47','2015-10-25 23:36:47',NULL),(142,429,NULL,'23:45,23:45','n','y','1111','y','y','Y','2015-10-25 23:41:05','2015-10-25 23:41:05',NULL),(143,429,NULL,'请选择用药时间','y','n','请输入药品名称','y','y','Y','2015-10-25 23:41:05','2015-10-25 23:41:05',NULL),(144,429,'2014/10/25',NULL,'n','n',NULL,'y','y','Y','2015-10-25 23:41:05','2015-10-25 23:41:05',NULL),(145,430,NULL,'23:53','n','y','111111','y','y','Y','2015-10-25 23:49:12','2015-10-25 23:50:20',NULL),(146,430,NULL,'23:53','n','y','111111','y','y','Y','2015-10-25 23:49:12','2015-10-25 23:49:12',NULL),(147,430,'2015/10/23',NULL,'n','n',NULL,'y','y','Y','2015-10-25 23:49:12','2015-10-25 23:49:12',NULL),(148,431,NULL,'请选择用药时间','y','n','请输入药品名称','y','y','Y','2015-10-25 23:51:55','2015-10-25 23:51:55',NULL),(149,431,NULL,'23:56','n','y','222222','y','y','Y','2015-10-25 23:51:55','2015-10-25 23:51:55',NULL),(150,431,'2014/10/25',NULL,'n','n',NULL,'y','y','Y','2015-10-25 23:51:55','2015-10-25 23:51:55',NULL),(151,435,'2015/10/25',NULL,'n','n',NULL,'y','y','Y','2015-10-26 00:00:14','2015-10-26 00:22:53',NULL),(152,435,NULL,'00:04,00:04','n','y','wqe','y','y','Y','2015-10-26 00:00:14','2015-10-26 00:22:53',NULL),(153,400,'2015/7/26','2015/08/26,2015/11/26,2016/05/26','n','n',NULL,'y','y','Y','2015-10-26 09:06:15','2015-10-26 09:06:15',NULL),(154,436,'2015/5/26','2015/06/26,2015/09/26,2016/03/26','n','n',NULL,'y','y','Y','2015-10-26 09:38:22','2015-10-26 11:36:41',NULL),(155,436,NULL,'14:35,16:00,20:40','y','n','阿莫西林','y','y','Y','2015-10-26 09:38:26','2015-10-26 11:36:37',NULL),(156,436,NULL,'23:38,5:38','n','y','口服液','y','y','Y','2015-10-26 09:38:27','2015-10-26 11:36:37',NULL),(157,442,NULL,'22:06','n','y','po','y','y','Y','2015-10-26 11:06:18','2015-10-26 11:21:30',NULL),(158,442,'2015/10/14',NULL,'n','n',NULL,'y','y','Y','2015-10-26 11:06:18','2015-10-26 11:21:30',NULL),(159,442,NULL,'20:21,12:21,20:21','y','n','bo','y','y','Y','2015-10-26 11:06:21','2015-10-26 11:21:30',NULL),(160,440,NULL,'09:16,13:13,22:18','y','n','ABC','y','y','Y','2015-10-26 11:16:56','2015-10-26 11:41:48',NULL),(161,440,'2015/08/24',NULL,'n','n',NULL,'y','y','Y','2015-10-26 11:16:56','2015-10-26 11:41:47',NULL),(162,440,NULL,'08:38,12:39,23:39','n','y','bcs','y','y','Y','2015-10-26 11:16:56','2015-10-26 11:41:48',NULL),(163,456,NULL,'06:00,16:50,21:38','y','n','阿莫西林','y','y','Y','2015-10-29 14:58:38','2015-10-29 16:02:19',NULL),(164,456,NULL,'16:57,09:00,05:45','n','y','kou','y','y','Y','2015-10-29 14:58:38','2015-10-29 16:02:19',NULL),(165,456,'2015/05/29',NULL,'n','n',NULL,'y','y','Y','2015-10-29 14:58:38','2015-10-29 16:02:19',NULL);
/*!40000 ALTER TABLE `reminders` ENABLE KEYS */;
UNLOCK TABLES;

--
-- Table structure for table `replies`
--

DROP TABLE IF EXISTS `replies`;
/*!40101 SET @saved_cs_client     = @@character_set_client */;
/*!40101 SET character_set_client = utf8 */;
CREATE TABLE `replies` (
  `id` int(10) unsigned NOT NULL AUTO_INCREMENT,
  `topic_id` int(10) unsigned NOT NULL,
  `user_id` int(10) unsigned NOT NULL,
  `title` varchar(150) COLLATE utf8_unicode_ci NOT NULL,
  `body` mediumtext COLLATE utf8_unicode_ci NOT NULL,
  `active` varchar(1) COLLATE utf8_unicode_ci NOT NULL,
  `created_at` datetime NOT NULL,
  `updated_at` datetime DEFAULT NULL,
  PRIMARY KEY (`id`),
  KEY `replies_topic_id_foreign` (`topic_id`),
  KEY `replies_user_id_foreign` (`user_id`),
  CONSTRAINT `replies_topic_id_foreign` FOREIGN KEY (`topic_id`) REFERENCES `topics` (`id`),
  CONSTRAINT `replies_user_id_foreign` FOREIGN KEY (`user_id`) REFERENCES `users` (`id`)
) ENGINE=InnoDB AUTO_INCREMENT=133 DEFAULT CHARSET=utf8 COLLATE=utf8_unicode_ci;
/*!40101 SET character_set_client = @saved_cs_client */;

--
-- Dumping data for table `replies`
--

LOCK TABLES `replies` WRITE;
/*!40000 ALTER TABLE `replies` DISABLE KEYS */;
INSERT INTO `replies` VALUES (110,76,476,'回复','dhjfcbkg','Y','2016-01-31 18:09:12','2016-01-31 18:09:12'),(111,76,476,'回复','回复 @doctor2: gffbjcg','Y','2016-01-31 18:09:24','2016-01-31 18:09:24'),(112,76,476,'回复','iiii','Y','2016-01-31 18:09:34','2016-01-31 18:09:34'),(113,88,478,'回复','fggcxn','Y','2016-02-03 15:58:52','2016-02-03 15:58:52'),(114,88,478,'回复','ok','Y','2016-02-03 18:02:43','2016-02-03 18:02:43'),(115,79,473,'G','G','Y','2016-02-04 16:51:28','2016-02-04 16:51:28'),(116,79,473,'回复@ lucashuang:','回复@ lucashuang:','Y','2016-02-04 16:51:37','2016-02-04 16:51:37'),(117,129,473,'HALO','HALO','Y','2016-02-05 06:24:55','2016-02-05 06:24:55'),(118,89,478,'H','H','Y','2016-02-05 13:12:23','2016-02-05 13:12:23'),(119,142,478,'回复','ghjhg','Y','2016-02-05 23:30:04','2016-02-05 23:30:04'),(120,144,487,'回复','cccc','Y','2016-02-06 01:21:03','2016-02-06 01:21:03'),(121,144,478,'回复','Khomeini  ','Y','2016-02-06 01:26:19','2016-02-06 01:26:19'),(122,145,478,'回复','meng  ','Y','2016-02-06 01:26:49','2016-02-06 01:26:49'),(123,147,478,'回复','gud','Y','2016-02-06 08:27:27','2016-02-06 08:27:27'),(124,150,487,'Tt','Tt','Y','2016-02-07 20:47:58','2016-02-07 20:47:58'),(125,151,487,'Const','Const','Y','2016-02-07 20:48:31','2016-02-07 20:48:31'),(126,151,478,'Danswee','Danswee','Y','2016-02-07 20:49:41','2016-02-07 20:49:41'),(127,150,478,'Hanswer','Hanswer','Y','2016-02-07 20:50:18','2016-02-07 20:50:18'),(128,157,488,'回复','有问题吗?','Y','2016-02-12 03:41:01','2016-02-12 03:41:01'),(129,156,488,'回复','没问题','Y','2016-02-12 03:41:47','2016-02-12 03:41:47'),(130,169,478,'回复','gfigg','Y','2016-02-12 09:55:25','2016-02-12 09:55:25'),(131,182,488,'回复','test reply  ','Y','2016-02-16 07:10:47','2016-02-16 07:10:47'),(132,183,488,'回复','results  ','Y','2016-02-16 07:11:07','2016-02-16 07:11:07');
/*!40000 ALTER TABLE `replies` ENABLE KEYS */;
UNLOCK TABLES;

--
-- Table structure for table `topics`
--

DROP TABLE IF EXISTS `topics`;
/*!40101 SET @saved_cs_client     = @@character_set_client */;
/*!40101 SET character_set_client = utf8 */;
CREATE TABLE `topics` (
  `id` int(10) unsigned NOT NULL AUTO_INCREMENT,
  `user_id` int(10) unsigned NOT NULL,
  `title` varchar(150) COLLATE utf8_unicode_ci NOT NULL,
  `body` mediumtext COLLATE utf8_unicode_ci NOT NULL,
  `category` varchar(255) COLLATE utf8_unicode_ci NOT NULL,
  `active` varchar(1) COLLATE utf8_unicode_ci NOT NULL,
  `created_at` datetime NOT NULL,
  `updated_at` datetime DEFAULT NULL,
  `picture` varchar(255) COLLATE utf8_unicode_ci DEFAULT NULL,
  `doctor_id` int(10) unsigned DEFAULT NULL,
  `clinic_id` int(10) unsigned DEFAULT NULL,
  PRIMARY KEY (`id`),
  KEY `topics_user_id_foreign` (`user_id`),
  KEY `fk_topic_doctor_id` (`doctor_id`),
  KEY `fk_topic_clinic` (`clinic_id`),
  CONSTRAINT `fk_topic_clinic` FOREIGN KEY (`clinic_id`) REFERENCES `clinics` (`id`),
  CONSTRAINT `fk_topic_doctor_id` FOREIGN KEY (`doctor_id`) REFERENCES `doctors` (`id`),
  CONSTRAINT `topics_user_id_foreign` FOREIGN KEY (`user_id`) REFERENCES `users` (`id`)
) ENGINE=InnoDB AUTO_INCREMENT=192 DEFAULT CHARSET=utf8 COLLATE=utf8_unicode_ci;
/*!40101 SET character_set_client = @saved_cs_client */;

--
-- Dumping data for table `topics`
--

LOCK TABLES `topics` WRITE;
/*!40000 ALTER TABLE `topics` DISABLE KEYS */;
INSERT INTO `topics` VALUES (1,1,'日访问过','','1','1','2015-09-04 15:58:11','2015-09-04 15:58:13',NULL,NULL,NULL),(2,1,'非让我发','','1','1','2015-09-04 15:58:59','2015-09-04 15:59:01',NULL,NULL,NULL),(3,1,'1212','','1','1','0000-00-00 00:00:00',NULL,NULL,NULL,NULL),(4,7,'qwe','qwe','','Y','2015-09-17 07:09:33','2015-09-17 07:09:33',NULL,NULL,NULL),(5,103,'12321','123123','默认','Y','2015-10-09 13:05:05','2015-10-09 13:05:05',NULL,NULL,NULL),(6,148,'3213','123','默认','Y','2015-10-09 17:18:26','2015-10-09 17:18:26','/images/upload_334a67e90c9cd689f6d3b3ddc3a6b142.png',NULL,NULL),(7,149,'更年期有些症状','医生建议？','默认','Y','2015-10-09 17:38:33','2015-10-09 17:38:33',NULL,NULL,NULL),(8,169,'22555','5588','默认','Y','2015-10-09 23:54:49','2015-10-09 23:54:49','/images/upload_916ef0e7cf5c47e2834c412645605754.png',NULL,NULL),(9,184,'更年期症状','更年期症状严重。','默认','Y','2015-10-10 12:17:33','2015-10-10 12:17:33',NULL,NULL,NULL),(10,169,'韩国4','很给力','默认','Y','2015-10-10 12:19:22','2015-10-10 12:19:22','/images/upload_d4826ada770f363378e8aacd1326c095.png',NULL,NULL),(11,190,'健康生活','是因为自己不知道怎么回','默认','Y','2015-10-10 12:48:25','2015-10-10 12:48:25',NULL,NULL,NULL),(12,191,'更年期健康','更年期健康须知','默认','Y','2015-10-10 13:25:00','2015-10-10 13:25:00',NULL,NULL,NULL),(13,193,'健康问题','健康问题','默认','Y','2015-10-10 13:57:06','2015-10-10 13:57:06',NULL,NULL,NULL),(14,194,'更年期','更年期','默认','Y','2015-10-10 15:56:24','2015-10-10 15:56:24',NULL,NULL,NULL),(15,203,'你更了吗','注意事项','默认','Y','2015-10-10 23:26:02','2015-10-10 23:26:02',NULL,NULL,NULL),(16,226,'更年期','更年期更年期更年期更年期','默认','Y','2015-10-10 23:43:52','2015-10-10 23:43:52',NULL,NULL,NULL),(17,237,'更年期综合症','症状','默认','Y','2015-10-11 23:30:23','2015-10-11 23:30:23',NULL,NULL,NULL),(18,42,'Hehe','Hahah','默认','Y','2015-10-12 00:07:48','2015-10-12 00:07:48',NULL,NULL,NULL),(19,42,'再次测试，证明可以发布','呵呵','默认','Y','2015-10-12 00:13:31','2015-10-12 00:13:31',NULL,NULL,NULL),(20,241,'更年期','更年期','默认','Y','2015-10-12 18:42:38','2015-10-12 18:42:38',NULL,NULL,NULL),(21,247,'更年期主要问题讨论','更年期主要问题讨论','默认','Y','2015-10-12 19:10:42','2015-10-12 19:10:42',NULL,NULL,NULL),(22,169,'，h','，这个','默认','Y','2015-10-12 20:26:32','2015-10-12 20:26:32','/images/upload_acf176f1a18ffe0647ad96034aa77007.png',NULL,NULL),(23,169,'哈哈哈','？我','默认','Y','2015-10-12 21:27:58','2015-10-12 21:27:58',NULL,NULL,NULL),(24,249,'你','你是不','默认','Y','2015-10-12 22:32:00','2015-10-12 22:32:00',NULL,NULL,NULL),(25,249,'qwe','wqeqwe','默认','Y','2015-10-12 23:30:09','2015-10-12 23:30:09',NULL,NULL,NULL),(26,249,'wqewq','qwewqeqwe','默认','Y','2015-10-12 23:30:15','2015-10-12 23:30:15',NULL,NULL,NULL),(27,218,'ghjgf','fgjkll','默认','Y','2015-10-12 23:56:12','2015-10-12 23:56:12','/images/upload_49420a689a08377ba1629a6a58d92053.png',NULL,NULL),(28,305,'ewqe','wqe','默认','Y','2015-10-13 08:07:48','2015-10-13 08:07:48',NULL,NULL,NULL),(29,306,'我的症状','发热、头痛','默认','Y','2015-10-13 23:03:47','2015-10-13 23:03:47',NULL,NULL,NULL),(30,313,'内分泌','内分泌','默认','Y','2015-10-14 00:09:11','2015-10-14 00:09:11',NULL,NULL,NULL),(31,315,'更年期','更年期','默认','Y','2015-10-14 11:36:19','2015-10-14 11:36:19',NULL,NULL,NULL),(32,316,'我有更年期症状','请求帮助','默认','Y','2015-10-15 19:28:46','2015-10-15 19:28:46',NULL,NULL,NULL),(33,42,'呵呵','测试','默认','Y','2015-10-17 22:17:59','2015-10-17 22:17:59','/images/upload_7c7cf227c2cf818f69cec7c94fd871da.png',NULL,NULL),(34,58,'哈哈哈哈','换个虚拟机','默认','Y','2015-10-19 10:18:59','2015-10-19 10:18:59','/images/upload_9dcaf50b3365b39427e285c525972502.png',NULL,NULL),(35,344,'更年期综合症','有什么症状','默认','Y','2015-10-19 18:11:14','2015-10-19 18:11:14',NULL,NULL,NULL),(36,346,'更年期带来的烦恼','症状明显','默认','Y','2015-10-19 19:35:47','2015-10-19 19:35:47',NULL,NULL,NULL),(37,347,'更年须知','更年须知','默认','Y','2015-10-20 10:23:41','2015-10-20 10:23:41',NULL,NULL,NULL),(38,353,'我症状严重','你们呢','默认','Y','2015-10-21 09:36:42','2015-10-21 09:36:42',NULL,NULL,NULL),(39,358,'大家谁想一起喝咖啡？','明天上午','默认','Y','2015-10-21 11:10:29','2015-10-21 11:10:29',NULL,NULL,NULL),(40,359,'绝经年龄','通常因人而异','默认','Y','2015-10-21 12:50:43','2015-10-21 12:50:43',NULL,NULL,NULL),(41,371,'呵呵呵呵呵呵','哈哈哈哈哈','默认','Y','2015-10-22 08:58:33','2015-10-22 08:58:33','/images/upload_45274d0248a653fca8fa6195bccea493.png',NULL,NULL),(42,377,'胡椒粉','红红火火','默认','Y','2015-10-22 14:29:58','2015-10-22 14:29:58',NULL,NULL,NULL),(43,58,'布局','更好地发挥','默认','Y','2015-10-22 14:56:08','2015-10-22 14:56:08',NULL,NULL,NULL),(44,375,'，我','。这','默认','Y','2015-10-22 16:00:48','2015-10-22 16:00:48',NULL,NULL,NULL),(45,382,'更年期的主要注意事项','更年期','默认','Y','2015-10-22 17:02:06','2015-10-22 17:02:06',NULL,NULL,NULL),(46,383,'安阳会议参加人数','参加着者','默认','Y','2015-10-22 17:07:54','2015-10-22 17:07:54',NULL,NULL,NULL),(47,381,'，','你\n','默认','Y','2015-10-22 18:48:02','2015-10-22 18:48:02',NULL,NULL,NULL),(48,384,'更年期','更年期','默认','Y','2015-10-22 19:36:53','2015-10-22 19:36:53',NULL,NULL,NULL),(49,385,'症状','出汗','默认','Y','2015-10-22 19:59:35','2015-10-22 19:59:35',NULL,NULL,NULL),(50,395,'更年期会议宝山','更年期会议宝山','默认','Y','2015-10-24 17:10:49','2015-10-24 17:10:49',NULL,NULL,NULL),(51,398,'内分泌讲座分类','内分泌','默认','Y','2015-10-24 19:17:42','2015-10-24 19:17:42',NULL,NULL,NULL),(52,399,'更年期','更年期','默认','Y','2015-10-24 19:28:22','2015-10-24 19:28:22',NULL,NULL,NULL),(53,423,'qwe','ewq','默认','Y','2015-10-25 23:12:02','2015-10-25 23:12:02',NULL,NULL,NULL),(54,423,'dasd','das','默认','Y','2015-10-25 23:12:58','2015-10-25 23:12:58','/images/upload_3488c093a06faf6cccc4c7eb98b98467.png',NULL,NULL),(55,440,'abc','abc','默认','Y','2015-10-26 10:13:22','2015-10-26 10:13:22',NULL,NULL,NULL),(56,441,'内分泌','内分泌','默认','Y','2015-10-26 10:55:41','2015-10-26 10:55:41',NULL,NULL,NULL),(57,440,'更年期','更年期','默认','Y','2015-10-26 11:19:19','2015-10-26 11:19:19',NULL,NULL,NULL),(58,442,'Bret','Cbnnhgf','默认','Y','2015-10-26 11:27:53','2015-10-26 11:27:53',NULL,NULL,NULL),(59,446,'uui','dhjfjkllll','默认','Y','2015-10-26 11:57:24','2015-10-26 11:57:24','/images/upload_6916e1f4dee92a0c8f22cc90693a66f9.png',NULL,NULL),(60,455,'你是谁','你说你是谁','默认','Y','2015-10-26 13:37:09','2015-10-26 13:37:09',NULL,NULL,NULL),(61,375,'ever','Dr ','默认','Y','2015-10-29 11:13:49','2015-10-29 11:13:49',NULL,NULL,NULL),(62,375,'www','Www','默认','Y','2015-10-29 11:19:48','2015-10-29 11:19:48',NULL,NULL,NULL),(63,375,'errors','Dr','默认','Y','2015-10-29 11:20:12','2015-10-29 11:20:12',NULL,NULL,NULL),(64,375,'we','Ee','默认','Y','2015-10-29 11:28:03','2015-10-29 11:28:03',NULL,NULL,NULL),(65,456,'给给kgdrt','fdhjhgfj','默认','Y','2015-10-29 14:52:04','2015-10-29 14:52:04',NULL,NULL,NULL),(66,467,'user_topic_public','help me','health','Y','2016-01-23 06:41:51','2016-01-23 06:41:51',NULL,NULL,NULL),(68,467,'user_topic_public2','help me','health','Y','2016-01-23 07:07:53','2016-01-23 07:07:53',NULL,NULL,NULL),(69,467,'user_topic_public2','help me','health','Y','2016-01-23 07:10:04','2016-01-23 07:10:04',NULL,NULL,NULL),(74,466,'user_public','user_public','asdfs','Y','2016-01-25 18:50:09','2016-01-25 18:50:09',NULL,NULL,NULL),(76,475,'userx_clinic29','asdfkslajfskl','asdjfkls','Y','2016-01-31 07:06:30','2016-01-31 07:06:30',NULL,NULL,29),(77,473,'title','body','category','Y','2016-01-31 07:08:49','2016-01-31 07:08:49',NULL,NULL,29),(78,473,'title','body','category','Y','2016-01-31 07:10:58','2016-01-31 07:10:58',NULL,NULL,29),(79,473,'title','body','category','Y','2016-01-31 07:36:23','2016-01-31 07:36:23',NULL,NULL,29),(80,473,'title','Testing','category','Y','2016-01-31 08:34:03','2016-01-31 08:34:03',NULL,NULL,29),(81,475,'jjjjjk','ugfig\n','默认','Y','2016-01-31 08:55:23','2016-01-31 08:55:23',NULL,NULL,NULL),(82,475,'ygh','hhkhh','默认','Y','2016-01-31 08:55:56','2016-01-31 08:55:56',NULL,NULL,NULL),(83,475,'fjjh','gjgghj','默认','Y','2016-01-31 13:14:25','2016-01-31 13:14:25',NULL,NULL,29),(84,475,'hdhsh','hwhshd','默认','Y','2016-01-31 14:29:06','2016-01-31 14:29:06',NULL,NULL,NULL),(85,473,'title','lucastesting123','category','Y','2016-01-31 15:22:06','2016-01-31 15:22:06',NULL,NULL,29),(86,478,'tfvv','vvnn','默认','Y','2016-01-31 23:43:16','2016-01-31 23:43:16',NULL,NULL,29),(87,460,'asdjfkl','ajsdkfl','ajskdlf','Y','2016-01-31 23:57:24','2016-01-31 23:57:24',NULL,68,NULL),(88,460,'asdjfkl','sdf','ajskdlfsdf','Y','2016-02-01 00:12:32','2016-02-01 00:12:32',NULL,65,NULL),(89,478,'dyfyvuv','vbh','默认','Y','2016-02-01 00:23:38','2016-02-01 00:23:38',NULL,65,NULL),(90,473,'title','testing\n','category','Y','2016-02-02 02:34:06','2016-02-02 02:34:06',NULL,NULL,29),(91,473,'testing','testing','默认','Y','2016-02-02 02:34:43','2016-02-02 02:34:43','/images/upload_e5c3cfef387407e460225ef9b4d4dbc5.png',NULL,NULL),(92,475,'aasdjkfl','asjdkl','ddjkflas','Y','2016-02-01 21:12:43','2016-02-01 21:12:43',NULL,68,NULL),(93,475,'aasdjkfl','asjdkl','ddjkflas','Y','2016-02-01 21:17:05','2016-02-01 21:17:05',NULL,NULL,29),(94,473,'title','TESTING','category','Y','2016-02-03 07:56:17','2016-02-03 07:56:17',NULL,NULL,29),(95,473,'title','testing','category','Y','2016-02-03 07:57:38','2016-02-03 07:57:38',NULL,NULL,29),(96,473,'title','body','category','Y','2016-02-03 10:29:36','2016-02-03 10:29:36',NULL,NULL,29),(97,473,'title','body','category','Y','2016-02-03 11:03:10','2016-02-03 11:03:10',NULL,NULL,29),(98,478,'mypic','sdjfklas','gjkaldsjks','Y','2016-02-03 14:36:46','2016-02-03 14:36:46','/images/upload_e3e01315172e9ce3236a10ae624b375f.png',NULL,NULL),(99,475,'jdhdvd','jrjfhf','默认','Y','2016-02-03 18:39:58','2016-02-03 18:39:58',NULL,65,NULL),(100,475,'tug uu','gegegs','默认','Y','2016-02-03 18:40:47','2016-02-03 18:40:47',NULL,65,NULL),(101,475,'vbds','hxbsj','默认','Y','2016-02-03 18:42:48','2016-02-03 18:42:48',NULL,66,NULL),(102,475,'vuB','vhhh\n','默认','Y','2016-02-03 18:52:41','2016-02-03 18:52:41',NULL,65,NULL),(103,475,'vtvy','vjj','默认','Y','2016-02-03 18:56:20','2016-02-03 18:56:20',NULL,65,NULL),(104,475,'gvv','hb','默认','Y','2016-02-03 20:31:56','2016-02-03 20:31:56',NULL,65,NULL),(105,475,'gg2fh','djshd','默认','Y','2016-02-03 20:54:29','2016-02-03 20:54:29',NULL,65,NULL),(106,475,'fhi','gbj','默认','Y','2016-02-03 21:33:55','2016-02-03 21:33:55',NULL,NULL,29),(107,478,'sup','yo','默认','Y','2016-02-03 22:43:52','2016-02-03 22:43:52',NULL,66,NULL),(108,478,'TEST2','testing post topics','sdfjskldaa','Y','2016-02-04 00:59:59','2016-02-04 00:59:59',NULL,NULL,29),(109,478,'TEST2','testing post topics doctor','sdfjskldaa','Y','2016-02-04 01:00:48','2016-02-04 01:00:48',NULL,65,NULL),(110,487,'月经紊乱','月经过多','默认','Y','2016-02-04 02:59:38','2016-02-04 02:59:38',NULL,NULL,29),(111,487,'阴大夫好','阴大夫说','默认','Y','2016-02-04 03:01:00','2016-02-04 03:01:00',NULL,65,NULL),(112,475,'hdgv','hh','默认','Y','2016-02-04 08:59:42','2016-02-04 08:59:42',NULL,67,NULL),(114,478,'doctor','asdjfkls','sjkdlfs','Y','2016-02-03 23:26:00','2016-02-03 23:26:00',NULL,68,NULL),(115,478,'doctor','asdjfkls','sjkdlfs','Y','2016-02-03 23:30:23','2016-02-03 23:30:23',NULL,NULL,29),(116,478,'doctor','asdjfkls','sjkdlfs','Y','2016-02-03 23:34:44','2016-02-03 23:34:44',NULL,65,NULL),(117,478,'doctor','asdjfkls','sjkdlfs','Y','2016-02-03 23:36:47','2016-02-03 23:36:47',NULL,65,NULL),(118,478,'doctor','asdjfkls','sjkdlfs','Y','2016-02-03 23:38:21','2016-02-03 23:38:21',NULL,65,NULL),(119,473,'title','body','category','Y','2016-02-04 13:32:41','2016-02-04 13:32:41',NULL,NULL,29),(120,466,'big nose','啊哈哈哈','默认','Y','2016-02-04 15:40:29','2016-02-04 15:40:29','/images/upload_8cb1cf798031f8275298fb9c55dfc33c.png',NULL,NULL),(121,473,'title','testing','category','Y','2016-02-04 16:46:07','2016-02-04 16:46:07',NULL,NULL,29),(122,473,'title','H\n\n\n\n','category','Y','2016-02-05 04:46:03','2016-02-05 04:46:03',NULL,65,NULL),(123,473,'title','hal0','category','Y','2016-02-05 05:17:38','2016-02-05 05:17:38',NULL,NULL,29),(124,473,'title','halo','category','Y','2016-02-05 05:17:51','2016-02-05 05:17:51',NULL,65,NULL),(125,487,'title','我要加号','category','Y','2016-02-05 05:26:21','2016-02-05 05:26:21',NULL,NULL,29),(126,487,'title','阴大夫看病','category','Y','2016-02-05 05:32:39','2016-02-05 05:32:39',NULL,65,NULL),(127,473,'123','123','默认','Y','2016-02-05 06:22:51','2016-02-05 06:22:51',NULL,NULL,29),(128,473,'doctor','doctor \n','默认','Y','2016-02-05 06:23:21','2016-02-05 06:23:21',NULL,NULL,29),(129,473,'doctor','doctorate \n','默认','Y','2016-02-05 06:24:43','2016-02-05 06:24:43',NULL,66,NULL),(130,473,'doc1','doc1','默认','Y','2016-02-05 06:25:14','2016-02-05 06:25:14',NULL,66,NULL),(131,473,'lucastesting1','lucastesting1','默认','Y','2016-02-05 06:25:46','2016-02-05 06:25:46','/images/upload_082d95dcff539d82cf752ddbfe956f84.png',NULL,NULL),(132,487,'加号要求','我要加号','默认','Y','2016-02-05 08:28:24','2016-02-05 08:28:24',NULL,NULL,29),(133,487,'阴女士好','我要咨询','默认','Y','2016-02-05 08:28:55','2016-02-05 08:28:55',NULL,65,NULL),(134,487,'还要加号','还要加号','默认','Y','2016-02-05 15:10:20','2016-02-05 15:10:20',NULL,NULL,29),(135,487,'大夫','你们是从哪里来','默认','Y','2016-02-05 15:12:40','2016-02-05 15:12:40',NULL,65,NULL),(136,487,'teddy ','The fact is that ','默认','Y','2016-02-05 15:25:53','2016-02-05 15:25:53',NULL,NULL,29),(137,487,'fish ','The new version ','默认','Y','2016-02-05 15:26:22','2016-02-05 15:26:22',NULL,65,NULL),(138,473,'halo','halo','默认','Y','2016-02-05 15:55:11','2016-02-05 15:55:11',NULL,66,NULL),(139,473,'123','123','默认','Y','2016-02-05 16:10:58','2016-02-05 16:10:58',NULL,65,NULL),(140,473,'123','123','默认','Y','2016-02-05 16:13:22','2016-02-05 16:13:22',NULL,65,NULL),(141,473,'yinyin','yinyin','默认','Y','2016-02-05 16:14:20','2016-02-05 16:14:20',NULL,65,NULL),(142,487,'atd','atd','默认','Y','2016-02-05 23:04:15','2016-02-05 23:04:15',NULL,NULL,29),(143,487,'hhhhh','hey  ','默认','Y','2016-02-05 23:05:05','2016-02-05 23:05:05',NULL,66,NULL),(144,487,'bbbbb','aaaa','默认','Y','2016-02-06 01:20:51','2016-02-06 01:20:51',NULL,NULL,29),(145,487,'gggg','kkkkkk','默认','Y','2016-02-06 01:21:21','2016-02-06 01:21:21',NULL,65,NULL),(146,473,'HOW ARE YALL','HOW ARE YALL','默认','Y','2016-02-06 07:37:26','2016-02-06 07:37:26',NULL,65,NULL),(147,473,'HOW YALL','HOW YALL','默认','Y','2016-02-06 07:37:51','2016-02-06 07:37:51',NULL,NULL,29),(148,489,'我想了解更年期的主要症状。','我想了解更年期的主要症状。','默认','Y','2016-02-06 23:32:20','2016-02-06 23:32:20',NULL,62,NULL),(149,489,'我需要加xx大夫的号','我需要加xx大夫的号','默认','Y','2016-02-06 23:33:48','2016-02-06 23:33:48',NULL,NULL,27),(150,487,'appt','Appt','默认','Y','2016-02-07 20:47:45','2016-02-07 20:47:45',NULL,NULL,29),(151,487,'const','Const','默认','Y','2016-02-07 20:48:23','2016-02-07 20:48:23',NULL,65,NULL),(152,489,'希望加郁大夫号','更年期综合症治疗','默认','Y','2016-02-08 19:50:17','2016-02-08 19:50:17',NULL,NULL,29),(153,489,'更年期症状','更年期症状咨询','默认','Y','2016-02-08 19:50:55','2016-02-08 19:50:55',NULL,65,NULL),(154,489,'新号','新号','默认','Y','2016-02-10 07:52:24','2016-02-10 07:52:24',NULL,NULL,29),(155,489,'新阴','新阴','默认','Y','2016-02-10 07:52:50','2016-02-10 07:52:50',NULL,65,NULL),(156,487,'加新号','要知道','默认','Y','2016-02-12 03:35:50','2016-02-12 03:35:50',NULL,NULL,29),(157,487,'阴主任','阴主任','默认','Y','2016-02-12 03:36:40','2016-02-12 03:36:40',NULL,65,NULL),(158,475,'djdjdjd','hdjd','默认','Y','2016-02-12 05:52:15','2016-02-12 05:52:15',NULL,66,NULL),(159,475,'ehdhdh','djjdd','默认','Y','2016-02-12 05:52:49','2016-02-12 05:52:49',NULL,64,NULL),(160,475,'sjdjdbdbb','ff','默认','Y','2016-02-12 05:53:17','2016-02-12 05:53:17',NULL,68,NULL),(161,475,'sjdjdbdbb','ff','默认','Y','2016-02-12 05:53:21','2016-02-12 05:53:21',NULL,68,NULL),(162,475,'hhhh','jjj','默认','Y','2016-02-12 05:53:34','2016-02-12 05:53:34',NULL,68,NULL),(163,475,'jjjj','nnbb','默认','Y','2016-02-12 05:54:00','2016-02-12 05:54:00',NULL,65,NULL),(164,475,'ggg','gf','默认','Y','2016-02-12 05:55:08','2016-02-12 05:55:08',NULL,64,NULL),(165,475,'eeeee','rgg','默认','Y','2016-02-12 05:55:40','2016-02-12 05:55:40',NULL,64,NULL),(166,475,'poiuhh','jg','默认','Y','2016-02-12 05:56:25','2016-02-12 05:56:25',NULL,64,NULL),(167,475,'fguuj','yv','默认','Y','2016-02-12 05:57:12','2016-02-12 05:57:12',NULL,64,NULL),(168,475,'ooik','hvc','默认','Y','2016-02-12 05:57:20','2016-02-12 05:57:20',NULL,64,NULL),(169,475,'ll','cf','默认','Y','2016-02-12 05:57:48','2016-02-12 05:57:48',NULL,64,NULL),(170,494,'更年期的最主要症状','我想了解更年期的最主要症状及治疗方式','默认','Y','2016-02-12 15:21:12','2016-02-12 15:21:12',NULL,65,NULL),(171,494,'申请挂号','我申请挂阴大夫的','默认','Y','2016-02-12 15:22:09','2016-02-12 15:22:09',NULL,NULL,29),(172,500,'更年期加号申请','我想要加阴春霞大夫的号','默认','Y','2016-02-12 20:35:15','2016-02-12 20:35:15',NULL,NULL,29),(173,500,'更年期的治疗','治疗方案','默认','Y','2016-02-12 20:36:17','2016-02-12 20:36:17',NULL,65,NULL),(174,475,'gvfkkddnoob','dhdbssnoob','默认','Y','2016-02-13 12:39:10','2016-02-13 12:39:10',NULL,NULL,28),(175,475,'ggg','vv','默认','Y','2016-02-13 12:39:39','2016-02-13 12:39:39',NULL,NULL,25),(176,475,'ffhgc','gcfg','默认','Y','2016-02-13 12:43:44','2016-02-13 12:43:44',NULL,NULL,NULL),(177,475,'gfc','ggg','默认','Y','2016-02-13 12:43:55','2016-02-13 12:43:55',NULL,NULL,NULL),(178,478,'efg','ggd','默认','Y','2016-02-14 05:36:13','2016-02-14 05:36:13',NULL,NULL,10),(179,475,'jdbdvxhssjj','bgy/','默认','Y','2016-02-14 07:48:45','2016-02-14 07:48:45',NULL,NULL,10),(180,475,'jdndb','vhjh','默认','Y','2016-02-14 07:48:53','2016-02-14 07:48:53',NULL,18,NULL),(181,475,')fkfkj','bgv','默认','Y','2016-02-14 07:49:01','2016-02-14 07:49:01',NULL,64,NULL),(182,487,'new test','new test','默认','Y','2016-02-16 07:09:28','2016-02-16 07:09:28',NULL,NULL,29),(183,487,'yin yc','yin yc','默认','Y','2016-02-16 07:09:52','2016-02-16 07:09:52',NULL,65,NULL),(184,494,' 更年期症状','哪些？','默认','Y','2016-02-17 10:51:21','2016-02-17 10:51:21',NULL,39,NULL),(185,494,'内分泌','内分泌失调','默认','Y','2016-02-17 10:52:38','2016-02-17 10:52:38',NULL,NULL,15),(186,475,'sdjkfls','hello','nope','Y','2016-02-18 12:18:12','2016-02-18 12:18:12',NULL,NULL,29),(187,475,'99','hdhdbd','默认','Y','2016-02-19 02:43:01','2016-02-19 02:43:01',NULL,61,NULL),(188,475,'fvb','hjk','默认','Y','2016-02-19 03:31:45','2016-02-19 03:31:45',NULL,65,NULL),(190,475,'sdkjfls','sdjfkls','sjdkfls','','0000-00-00 00:00:00',NULL,NULL,NULL,NULL),(191,475,'jdkls','sjadklf','kasdl;fj','Y','2016-02-19 04:41:09','2016-02-19 04:41:09',NULL,NULL,NULL);
/*!40000 ALTER TABLE `topics` ENABLE KEYS */;
UNLOCK TABLES;

--
-- Table structure for table `users`
--

DROP TABLE IF EXISTS `users`;
/*!40101 SET @saved_cs_client     = @@character_set_client */;
/*!40101 SET character_set_client = utf8 */;
CREATE TABLE `users` (
  `id` int(10) unsigned NOT NULL AUTO_INCREMENT,
  `email_address` varchar(255) COLLATE utf8_unicode_ci DEFAULT NULL,
  `user_name` varchar(50) COLLATE utf8_unicode_ci NOT NULL,
  `password` varchar(255) COLLATE utf8_unicode_ci NOT NULL,
  `type` varchar(50) COLLATE utf8_unicode_ci NOT NULL,
  `sex` varchar(1) COLLATE utf8_unicode_ci DEFAULT NULL,
  `birth_day` int(11) DEFAULT NULL,
  `birth_month` int(11) DEFAULT NULL,
  `birth_year` int(11) DEFAULT NULL,
  `phone_number` varchar(20) COLLATE utf8_unicode_ci NOT NULL,
  `picture` mediumtext COLLATE utf8_unicode_ci,
  `occupation` varchar(255) COLLATE utf8_unicode_ci DEFAULT NULL,
  `hospital` varchar(255) COLLATE utf8_unicode_ci DEFAULT NULL,
  `department` varchar(255) COLLATE utf8_unicode_ci DEFAULT NULL,
  `city` varchar(255) COLLATE utf8_unicode_ci DEFAULT NULL,
  `verified` varchar(1) COLLATE utf8_unicode_ci NOT NULL,
  `active` varchar(1) COLLATE utf8_unicode_ci NOT NULL,
  `created_at` datetime NOT NULL,
  `updated_at` datetime DEFAULT NULL,
  `name` varchar(255) COLLATE utf8_unicode_ci DEFAULT NULL,
  `announcement_author` varchar(1) COLLATE utf8_unicode_ci DEFAULT NULL,
  `article_author` varchar(1) COLLATE utf8_unicode_ci DEFAULT NULL,
  `doctor_id` int(10) unsigned DEFAULT NULL,
  `clinic_id` int(10) unsigned DEFAULT NULL,
  PRIMARY KEY (`id`),
  UNIQUE KEY `users_user_name_unique` (`user_name`),
  UNIQUE KEY `phone_number` (`phone_number`),
  KEY `fk_doctor_id` (`doctor_id`),
  KEY `fk_user_clinic` (`clinic_id`),
  CONSTRAINT `fk_doctor_id` FOREIGN KEY (`doctor_id`) REFERENCES `doctors` (`id`),
  CONSTRAINT `fk_user_clinic` FOREIGN KEY (`clinic_id`) REFERENCES `clinics` (`id`)
) ENGINE=InnoDB AUTO_INCREMENT=505 DEFAULT CHARSET=utf8 COLLATE=utf8_unicode_ci;
/*!40101 SET character_set_client = @saved_cs_client */;

--
-- Dumping data for table `users`
--

LOCK TABLES `users` WRITE;
/*!40000 ALTER TABLE `users` DISABLE KEYS */;
INSERT INTO `users` VALUES (1,'test@test.com','管理员','','admin','',0,0,0,'1',NULL,'护士','H',NULL,NULL,'Y','Y','2015-08-18 16:43:05','2015-09-14 08:01:11',NULL,NULL,NULL,NULL,NULL),(2,'teng@test.com','slbw','$2a$10$8YV4GMuAaYfvX1VSHkTaAOnXqSz7tX0sKe194ZOnAvM.RD09HlYIC','user','',5,3,1991,'18656523650',NULL,'护士',NULL,NULL,NULL,'Y','Y','2015-08-19 09:47:05','2015-09-11 22:47:55',NULL,NULL,NULL,NULL,NULL),(5,'lixiaohu@gmail.com','lixiaohu@gmail.com','$2a$10$GwYbthH3etA.wVl/DKLqeuICKHvWO/2VVN08RwMhtzM/gqe7H7qIe','user','女',1,2,1990,'lixiaohu@gmail.com','','护士','','',NULL,'Y','Y','2015-08-20 00:28:12','2015-08-20 00:28:12',NULL,NULL,NULL,NULL,NULL),(6,'lxh@gmail.com','lxh@gmail.com','$2a$10$8YV4GMuAaYfvX1VSHkTaAOnXqSz7tX0sKe194ZOnAvM.RD09HlYIC','user','女',1,2,1990,'lxh@gmail.com','','护士','','',NULL,'Y','Y','2015-08-20 00:31:29','2015-08-20 00:31:29',NULL,NULL,NULL,NULL,NULL),(7,'3123','asdasd','$2a$10$5xUO3zqLI9NW2TaqhBjG9u7zqiDMEO3OETQSLUBYbs6J3GxLxGurW','doctor','男',17,8,1975,'ewqewqqwewqe',NULL,'','','','','N','Y','2015-08-20 06:45:11','2015-09-17 23:26:28',NULL,NULL,NULL,NULL,NULL),(12,'1@test.com','wujinsong','$2a$10$fFGuOnaQqQi1BPL7dSbrd.5a4yNh7l.wwqCSRGnxQJmxQcGBa8f2u','user','男',30,10,1990,'15056984586',NULL,'gesh','65547h','5345','gqa4ga','Y','Y','2015-09-04 23:31:21','2015-09-04 23:31:21',NULL,NULL,NULL,NULL,NULL),(18,'tester@test.com','tester','$2a$10$tl57YnDpWPPcNwvSDgd15ugpI0/WItCbGVK9PiGXCLiqdC4S/H44C','user','m',2,2,1992,'7778889999','/images/upload_967ed9b1402346eb0e806333e091a894.jpg','护士','asdf','asdf','asf','Y','Y','2015-09-10 16:46:27','2015-09-10 16:46:27',NULL,NULL,NULL,NULL,NULL),(41,'1007749791@qq.com','滕飞','$2a$10$jroksPtVSPV3yuP507qQI.3Yd.rdKuRRTdo2NPYZZPvmwBfOxSInG','doctor','男',1,1,1990,'13966761823',NULL,'主任医师','北京协和医院','妇产科','南京','N','Y','2015-09-13 11:11:12','2015-09-13 11:13:21',NULL,NULL,NULL,NULL,NULL),(42,'18656523653','李逍遥','$2a$10$.TGZLBcTsVDwrOtOsu1xl.xORIn4HvNR.nwBe.VorBaSxbq1x0OR6','doctor','男',18,9,2015,'18656523','/images/upload_c060ceef9e8136d999eca0069f93fa64.png','主任医师','江苏省中医院','皮肤科','南京','Y','Y','2015-09-13 11:20:10','2015-10-12 22:46:47','滕飞','Y','Y',NULL,NULL),(58,'xueyun@126.com','shirley雪云','$2a$10$EIDFszSHGvaBwJv/aLmZUu2bH/CKqRC3CWEn.Vn9sKluRq.wdR4SW','doctor','女',20,5,2007,'13621913488','/images/upload_509c9976e167ad2041d82439caa6acdf.png','医生','华山医院','妇科','上海','N','Y','2015-09-17 09:57:26','2015-10-19 10:29:06',NULL,'Y',NULL,NULL,NULL),(59,'xueyun','xueyun88','$2a$10$7n0vf1DgfUqfoavN0ZPoPedD7RQXMYtGQ0SNgd8RfKM73ALG.pCwi','user','女',20,5,2007,'13621913466','/images/upload_b3de96c01337b02b216852f526a55113.png',NULL,NULL,NULL,'上海','Y','Y','2015-09-17 11:47:47','2015-10-17 14:16:49','shirley',NULL,NULL,NULL,NULL),(60,'111@qq.com','111@qq.com','','user','女',1,2,1990,'111@qq.com',NULL,'','','','12323','Y','Y','2015-09-17 23:27:42','2015-09-19 08:01:54',NULL,NULL,NULL,NULL,NULL),(64,'12345678@qq.com','Tengfei','$2a$10$QWJZRRnvH2/oJMfkGKoDo.C0G.ORB4JQmwKh97dl6NTakGUOOA1ea','doctor','男',1,1,1990,'18656523653',NULL,'12','123','112','安康','N','Y','2015-09-18 13:11:42','2015-09-18 13:11:42',NULL,NULL,NULL,NULL,NULL),(65,'1234567@qq.com','1234567@qq.com','','user','女',18,9,2016,'15056964859',NULL,NULL,NULL,NULL,'百色','Y','Y','2015-09-18 14:38:49','2015-09-18 14:45:12',NULL,NULL,NULL,NULL,NULL),(71,'shirley@126.com','snail','$2a$10$tUNnolHcZKkITN7YdxLALuW/6Gefw7x4AcgoFJ8QZbmqWHcNu9wEe','doctor','女',1,1,1990,'15021199300',NULL,'医生','华山医院','妇科','上海','N','Y','2015-09-18 15:37:55','2015-09-18 15:37:55',NULL,NULL,NULL,NULL,NULL),(76,'15088886666','15088886666','$2a$10$Jc3PGtJIdCljOJkihUj7aOGaMG9MKQ.9H9s3TwQUaPhxk36Mc7/y6','user','男',19,9,2015,'15099998888',NULL,NULL,NULL,NULL,'上海','Y','Y','2015-09-19 09:01:17','2015-09-19 11:16:38',NULL,NULL,NULL,NULL,NULL),(83,'6666@qq.com','shirley520','$2a$10$W3oy1xBhuY2EcvH20IvM3.M0PBwY55edmXeGIWND2lCbICyQA2kTy','doctor','女',1,1,1990,'15021199212','/images/upload_f9219227db0e228ec8fc1cad955c98d9.png','医生','华山医院','妇科','上海','N','Y','2015-09-19 12:01:11','2015-09-19 12:33:36',NULL,NULL,NULL,NULL,NULL),(84,'1000344@qq.com','QWWW1 ','$2a$10$0.KIWSHXmulSLWjsaDA.QOXeU6Zru3N/iPVNcrXKV2NYfskW20tTe','doctor','男',1,1,1990,'15069785968',NULL,'3R3','3','NEIKE','阿拉善','N','Y','2015-09-19 20:35:40','2015-09-19 20:42:23','fewaf3243fwaefawf',NULL,NULL,NULL,NULL),(85,'147@qq.com','147@qq.com','$2a$10$jiOcAzuqfzSxnj1hI5YCU.kTyrUiArvEjKWakipE7JBQl5IL12dKO','user','男',20,9,2015,'15000157265',NULL,'','','','阿里','Y','Y','2015-09-20 09:36:09','2015-09-21 06:32:00','ytg',NULL,NULL,NULL,NULL),(87,'12099998888','12099998888','$2a$10$njPNeCQ7I1L97Y/yPHzVaOdFDZ4XBKLbhrFPZfdByzR5WUEKUeluq','user','男',16,9,2015,'XFX',NULL,NULL,NULL,NULL,'阿里','Y','Y','2015-09-21 00:23:35','2015-09-21 00:42:33','SSS',NULL,NULL,NULL,NULL),(88,'1037216275@qq.com ','吴劲松','$2a$10$d0WP0g8gXycrAMLslNyzzeXk5mNmQkgMgX5PjMXHIjk6tPKga8sQe','doctor','男',1,1,1990,'15056968596',NULL,'医生','谢谢','客运','阿拉善','N','Y','2015-09-21 00:27:30','2015-09-21 00:32:15','wujins ',NULL,NULL,NULL,NULL),(89,'1@qq.com','11','$2a$10$9JVucDKbwOIcXV.AjAAEP.Xf4D5fBUAmzTNdwghFC9266guiIqp4i','user',NULL,NULL,NULL,NULL,'7',NULL,NULL,NULL,NULL,NULL,'Y','Y','2015-09-21 00:41:58','2015-09-21 00:41:58','吴劲松',NULL,NULL,NULL,NULL),(98,'xueyun1206','xueyun1206','$2a$10$qDcyVo1iuTnguBAZhF.B5u156Pf7qrdWP7DgI4WvX5vpOdY2O/auK','user','女',20,9,2015,'2',NULL,NULL,NULL,NULL,'北京','Y','Y','2015-09-21 09:06:12','2015-09-21 09:06:12',NULL,NULL,NULL,NULL,NULL),(99,'xueyun0113','xueyun0113','$2a$10$hyzdsNtmA9oXgv.Bgv.vle7/VcCaknEDippIu9oGgCeaqY3nLuY.O','user','女',20,5,2007,'13621913480','/images/upload_8d234f27ea97add69e409f1d73d83de7.png',NULL,NULL,NULL,'北京','Y','Y','2015-09-21 09:38:53','2015-09-21 10:14:16','shirley',NULL,NULL,NULL,NULL),(102,'xueyun@yahoo.com','xueyun0118','$2a$10$KkzbXZrHOEt8RrY8LTODe.9dwsA5SNjK7wFCSW8A/c0jNpkGsJ/oC','doctor','女',20,5,2007,'13621913499','/images/upload_95a99337af72e03342dcc654471de0b8.png','医生','华山医院','妇科','北京','N','Y','2015-09-21 10:17:32','2015-09-21 10:48:33','snail',NULL,NULL,NULL,NULL),(103,'111111','111111','$2a$10$tWW.a3iIK6do.H1XjlXRXeCZiJLl.sVCiTi3q4lAWtayS3KhZaXTm','user','男',10,10,1975,'111111','/images/upload_ce490502ec54bd6c5f16d8be9f9029e8.png','','','','通州','Y','Y','2015-10-09 12:38:36','2015-10-09 13:07:15',NULL,NULL,NULL,NULL,NULL),(117,'111111@qq.com','111111@qq.com','$2a$10$anBP4TGkK09va6fQwfNa4ulCY4YVGQ6WM58L/s3Cx4v9Px80Fu4gy','user','男',11,10,1975,'111111@qq.com','/images/upload_7b0cf777ea7d85b8e91f8db533b7937c.png','','','','房山','Y','Y','2015-10-09 13:21:14','2015-10-09 13:25:34',NULL,NULL,NULL,NULL,NULL),(120,'222222@qq.com','222222@qq.com','$2a$10$uNhyZbyzxUBXw.7.ZK6uJOausw.XrUpNtUKK4lFqCL0KqEt..XIXa','user','男',10,10,1975,'222222@qq.com',NULL,'','','','虹口','Y','Y','2015-10-09 13:27:35','2015-10-09 13:27:35',NULL,NULL,NULL,NULL,NULL),(123,'234567','234567','$2a$10$uw64mHtZ4Qilashw/.TM7.oYF24cennP.ATAp.6UfRpTP7nUsV81a','user','男',10,10,1975,'234567','/images/upload_7ba8aba1023a4375acd5cc1df1f3e3a0.png','','','','浙江 舟山 普陀区','Y','Y','2015-10-09 13:58:21','2015-10-09 13:58:26',NULL,NULL,NULL,NULL,NULL),(124,'666666','666666','$2a$10$xFUlrEYjCi9r/tbVTIptHOEDZ3/MJUPNDEbTyYKgCgPjYCuZ6yrT.','user','男',10,10,1975,'666666','/images/upload_bbedc9ec39318b422310bbec9d6564bf.png','','','','福建 宁德 屏南县','Y','Y','2015-10-09 13:58:53','2015-10-09 14:02:56',NULL,NULL,NULL,NULL,NULL),(125,'123213','112233','$2a$10$Xb2mflY0sC74RwzrGXGzreogyZ71xwWuYgawpzoEI25upTE5W531e','doctor','女',0,0,0,'12321321',NULL,'1231','1123213','123213','浙江 温州 龙湾区','N','Y','2015-10-09 14:03:37','2015-10-09 14:03:37',NULL,NULL,NULL,NULL,NULL),(126,'123','222333','$2a$10$aqWGJcWAOLuUN3B7TlsX/uRqCHVuIyLgcXjk5jbGR4UDFfiOiyBHa','doctor','女',0,0,0,'123213',NULL,'1111','123','312312','广东 云浮 罗定市','N','Y','2015-10-09 14:05:36','2015-10-09 14:05:36',NULL,NULL,NULL,NULL,NULL),(127,'111222333','111222333','$2a$10$mF9wkwlEJ7shQ6VEPFfbX.YoJe24yM3lk7kNwlZ7nGGdKykKSmqY6','user','女',10,10,1975,'111222333','/images/upload_c3aa9e5ad1a6f3606bafef79c94a98b5.png','','','','广东 清远 连山壮族瑶族自治县','Y','Y','2015-10-09 14:09:23','2015-10-09 14:10:27',NULL,NULL,NULL,NULL,NULL),(128,'222222','qqqqqq','$2a$10$RcVoy8Ne1XuknRyvTjr05uUs/AG1V0BbIgC8D/nKi6wpVRWcO4Tj2','doctor','男',9,10,1988,'13876472738','/images/upload_3b76d3bf504c96c5546481ae6cd7b8cc.png','qqq','qq','qq','广东 惠州 博罗县','N','Y','2015-10-09 14:12:20','2015-10-09 20:59:06','000000',NULL,NULL,NULL,NULL),(129,'1122','aaaaaa','$2a$10$124iH/JFNpEzTW0UY9Yjz.dbYLFnavBLYzdMtYnh9Xa2cAQ.0DqLa','doctor','女',0,0,0,'1111',NULL,'aaa','aaa','aaa','浙江 衢州 柯城区','N','Y','2015-10-09 14:27:58','2015-10-09 14:27:58',NULL,NULL,NULL,NULL,NULL),(130,'asd','zzzzzz','$2a$10$HlN5cydMknRyHWczS4WFguRdf9Wyp45U67eCSQmjGGxZv03iN3D2y','doctor','女',0,0,0,'asd',NULL,'asd','dasd','sad','和平','N','Y','2015-10-09 14:40:40','2015-10-09 14:40:40',NULL,NULL,NULL,NULL,NULL),(131,'213','15000157269','$2a$10$sr2i8n6mxGyfXYQGMynjHOCWJdxxWLvSfTWDP35EuJd/nbYYLuL96','doctor','女',0,0,0,'23',NULL,'12','123','1231','浙江 衢州 开化县','N','Y','2015-10-09 14:41:30','2015-10-09 14:41:30',NULL,NULL,NULL,NULL,NULL),(132,'1','222@qq.com','$2a$10$B6QtYmOy4ISlHmVmbujbIOTeuZu9SjMKN5HDRQvNVW.MrZ8sngA4q','doctor','女',0,0,0,'111','/images/upload_abc4f4d15ebe41e170225c5fb06b9be6.png','111','111','11','广东 惠州 博罗县','N','Y','2015-10-09 14:43:54','2015-10-09 14:57:55',NULL,NULL,NULL,NULL,NULL),(139,'333@qq.com','eee@qq.com','$2a$10$rlwBdnEesTKYd2hojzkNP.2WtVe5W3R9z7SEgWbvzv9RTQplKGvV.','doctor','男',0,0,0,'12',NULL,'123','121','1212','广东 江门 开平市','N','Y','2015-10-09 14:53:42','2015-10-09 14:53:42',NULL,NULL,NULL,NULL,NULL),(142,'000000','000000','$2a$10$QUd4uqtmcmAyyJnJRfoT4Ok8iBA.aOr3zJAZ/BliFpWDgXnvgMJc6','doctor','女',0,0,0,'qwe','/images/upload_b8161894a2012a9fd0e9e680946bd2a0.png','wqe','wqe','qwe','浙江 丽水 莲都区','N','Y','2015-10-09 15:11:47','2015-10-09 15:18:08',NULL,NULL,NULL,NULL,NULL),(147,'qq','qq','$2a$10$t9FOyd1VObQvO2f0mpBT5.Tw75ddN7h3KdeAh1AiXnes2uzCWrXhS','doctor','女',0,0,0,'123','/images/upload_e0c746ec7685dfce5681156a218c74b7.png','12321','123','123','广东 惠州 博罗县','N','Y','2015-10-09 15:26:06','2015-10-09 16:03:11',NULL,NULL,NULL,NULL,NULL),(148,'10000','rewrew','$2a$10$C8sRXp/n5IGY4sSlzvtouuCweRuuP7fCg8zRHlasg1D6orMys2jeW','user','男',9,10,1977,'12432432432',NULL,'','','','浙江 宁波 鄞州区','Y','Y','2015-10-09 17:12:25','2015-10-09 17:20:41',NULL,NULL,NULL,NULL,NULL),(149,'13811428673','13811428673','$2a$10$5sHE8qUipJSVDA443SYK9OnG6UHHBFLmmkQifp9hCbKLYZ6HtteOe','user','女',9,10,1964,'13011426373',NULL,'','','','朝阳','Y','Y','2015-10-09 17:34:43','2015-10-09 17:40:42',NULL,NULL,NULL,NULL,NULL),(150,'测试版','测试版','$2a$10$ZaIcYfFeihtdTGtyrBH/.uB.9GTPbhAuyYZkLDHofhsxxyUlpX0a.','user','男',9,10,1960,'12345678',NULL,'','','','津南','Y','Y','2015-10-09 17:56:47','2015-10-10 12:52:06',NULL,NULL,NULL,NULL,NULL),(167,'ciao yang','ciao yang','$2a$10$RSjicNG.4wVLnyCh1ANk8eQNHWvHItG3DCFTg/gZv2cT66IVrOjCy','user','女',20,5,2007,'ciao yang',NULL,'','','','长宁','Y','Y','2015-10-09 20:07:46','2015-10-09 20:09:43',NULL,NULL,NULL,NULL,NULL),(169,'555555','555555','$2a$10$UpIIuLOJUfqhdLa6jaoX7ehO6wUN..c9wdRw9QQGqKbbn0qZA6OjS','user','男',6,1,1975,'555555','/images/upload_67299ca6f3e97ddda2f6d36c0e74ac9b.png','','','','沙坪坝','Y','Y','2015-10-09 20:59:48','2015-10-19 07:24:43','000000',NULL,NULL,NULL,NULL),(172,'wwwwww','wwwwww','$2a$10$MTML6j0pFNq04ppqDV9aEeu7ksYIdCN.0HeHFNjtpDoRTPxFJQR8.','user','男',10,10,1976,'wwwwww','/images/upload_54df804b198c247601b1830cb13e5bf1.png','','','','广东 韶关 乐昌市','Y','Y','2015-10-09 21:21:36','2015-10-10 16:13:00','000000',NULL,NULL,NULL,NULL),(173,'xue','xue','$2a$10$UU0PlX9YwIEwnxg7LBdRsOlxsR5D6U7fTieFVFsx3a/JjtPR8j9YC','doctor','女',0,0,0,'13621913487',NULL,'医生','协和医院','妇科','卢湾','N','Y','2015-10-09 23:38:04','2015-10-09 23:56:42',NULL,NULL,NULL,NULL,NULL),(178,'55555555','55555555','$2a$10$neHCunG4.GRajf7D1o3WduIyXNPYq10Jw7NTIUhgxw9AAn8kZ1hm2','doctor','女',0,0,0,'15000157268',NULL,'124','很给力','林俊杰','河东','N','Y','2015-10-09 23:48:41','2015-10-09 23:53:01','000000',NULL,NULL,NULL,NULL),(179,'yun','yun','$2a$10$Z6c8jjMhcy0nQCWibWa6GOQ1Qq9wRXWOm6ULgeQicJdrhGdcFwAm.','user','女',10,10,1982,'yun','/images/upload_3ac017df1efc4f39b269bcf555663ff3.png','','','','卢湾','Y','Y','2015-10-10 00:23:49','2015-10-10 01:22:30',NULL,NULL,NULL,NULL,NULL),(180,'yunyun','yunyun','$2a$10$LDBJMhnvcUg63yBb2E9BnOx/MiUzKNFijsoBQodBYYsLlUDmQXupC','doctor','女',0,0,0,'1206666999999','/images/upload_9270e71ad428ea43057e73e9d05a2c94.png','医生','协和医院','妇科','卢湾','N','Y','2015-10-10 01:25:38','2015-10-10 11:24:30','jjj',NULL,NULL,NULL,NULL),(181,'xxxxxx','xxxxxx','$2a$10$454S1BFl9011ETLqBFpQ9e1P5fNSsuolNE8AY8ctSEBm.fJulmDdW','doctor','男',10,12,1985,'we','/images/upload_a80de99246c59bd138cacb27d0953679.png','q','wee','we','山东 青岛 胶南市','N','Y','2015-10-10 07:05:41','2015-10-10 07:14:52','000000',NULL,NULL,NULL,NULL),(182,'可口可乐了','可口可乐了','$2a$10$.JgOZqZvb0.oa.JtGvPGceuL8u2lg.9Y7uCsDS4eBWMemKo16o.lW','doctor','男',0,0,0,'125',NULL,'，来啦','家','吃吧','河东','N','Y','2015-10-10 11:28:12','2015-10-10 11:28:12',NULL,NULL,NULL,NULL,NULL),(184,'张扬','张扬','$2a$10$KzRzc1WrLrQBYXk8m5eb8u4UielYljWD/xKOc31.xvfXp6iM/sED.','doctor','女',0,0,0,'123456789',NULL,'主任医','徐汇医院','内分泌','徐汇','N','Y','2015-10-10 12:13:49','2015-10-10 12:30:17',NULL,NULL,NULL,NULL,NULL),(189,'何文','何文','$2a$10$ji/wQnz4R8aYyB/Enn6qmOk9DK4GoekpxZ3w1WCwfz4sw24rsSjNK','user','女',21,10,1964,'何文',NULL,'','','','徐汇','Y','Y','2015-10-10 12:33:15','2015-10-10 12:43:02',NULL,NULL,NULL,NULL,NULL),(190,'医生甲','医生甲','$2a$10$4XpBqVqt1rbVU/VFamY6eespwrUWGKGp93H71IoaUEaB7XwFRPdBG','doctor','男',0,0,0,'22345678',NULL,'主任','津门','妇科','津南','N','Y','2015-10-10 12:42:07','2015-10-10 12:48:57',NULL,NULL,NULL,NULL,NULL),(191,'13811428574','13811428672','$2a$10$CoEoVHH2HYJuSgnC5s6Q/eTY8Vdt7m8mnit75Pi9hy0iWmGQK0a12','user','女',10,10,1965,'13811428574','/images/upload_088f6f1b142a1c0559a3a4cfcf14b1b6.png','','','','山东 潍坊','Y','Y','2015-10-10 13:22:04','2015-10-10 13:29:59',NULL,NULL,NULL,NULL,NULL),(192,'测试甲','测试甲','$2a$10$YI3KG7/ZYWb/JJZ5/zWmxeyxZdWY6OTl00vMYFDl62B4/P9qh2wQ.','user','男',9,10,1961,'测试甲','/images/upload_ca9121e9104a1d0e048a48cc770c1cee.png','','','','上海','Y','Y','2015-10-10 13:22:31','2015-10-10 13:27:24',NULL,NULL,NULL,NULL,NULL),(193,'张迪','张迪','$2a$10$nn8k/CKogJ9AVFm11Pax3uQ/4RFfXXCGtVOTTkREiQqjsAKbW6aDu','user','女',10,9,1972,'张迪','/images/upload_7eba81c2f00776aeb8f1926dbf513610.png','','','','重庆','Y','Y','2015-10-10 13:56:45','2015-10-10 14:03:00',NULL,NULL,NULL,NULL,NULL),(194,'李丽','李丽','$2a$10$zIXT4GRdhLWkL58HhqY2tOymlzQ.ED/i03WMfcp7UucYUH7JLMM32','doctor','男',0,0,0,'1234566','/images/upload_0884613580ecd7274e79f768e65304b1.png','主任医师','北京医院','内分泌','北京','N','Y','2015-10-10 15:54:30','2015-10-10 15:56:52',NULL,NULL,NULL,NULL,NULL),(203,'李丽丽','李丽丽','$2a$10$k5KxduDHyIWsD/HRyczNzOMSM2tLOKpzMG2y0mriEcDXRRRTwEQpC','doctor','男',0,0,0,'123456788','/images/upload_63b958d70f17e9faff34cb1a38b75372.png','医生主任','天津医院','内分泌','天津','N','Y','2015-10-10 18:02:03','2015-10-10 23:27:27',NULL,NULL,NULL,NULL,NULL),(218,'shirley888@126.com','shirley22','$2a$10$/2L1216bV8Tv9Nja8l1fqeIb/KQuSfM9U9ajKyVfbElytJfGS/M4G','doctor','女',1,1,1990,'13022225555',NULL,'医生','华山医院','妇科','鞍山','N','Y','2015-10-10 21:26:43','2015-10-17 11:37:07','shirley','Y',NULL,NULL,NULL),(226,'13811428678','13811428678','$2a$10$JQL/eVgIQbZE4hGKFpx/5uQXuFxj3SboE9O/9OLwuh/fXUf8JI6tS','user','男',10,9,1975,'13811428678','/images/upload_ea9cb4f44d9c70f818fdc8d5edcbd6cd.png','','','','上海','Y','Y','2015-10-10 23:33:28','2015-10-10 23:44:22',NULL,NULL,NULL,NULL,NULL),(227,'李锋','李锋','$2a$10$Hgo0gkjW.5BUu.M2d4By5OdhPd812zbDlogxrPuWScx18L6lipKa.','user','男',10,10,1963,'李锋','/images/upload_c37f8a7d9eb918fa077a75d3db056e92.png','','','','上海','Y','Y','2015-10-11 14:33:43','2015-10-11 14:46:39',NULL,'N',NULL,NULL,NULL),(233,'李子','李子','$2a$10$IZ0CiY5S1zHe62n8prNWZe26x62ym7/aAyij7CW.Nr18idThu5R8K','user','男',11,10,1957,'李子','/images/upload_db2c6dd1c3f8acb1e2a7704c58823ca4.png','','','','重庆','Y','Y','2015-10-11 23:23:47','2015-10-11 23:26:45',NULL,'N',NULL,NULL,NULL),(237,'张力','张力','$2a$10$u7nvlTlvOj4Jy9myfNHCzObn0Ou7NUzFzWru6zZEJjIcI0qEhSraK','doctor','男',0,0,0,'23355778','/images/upload_e896400fded7da3b6af8850fe1aa0c16.png','主任医师','广州医院','内分泌','广东','N','Y','2015-10-11 23:24:19','2015-10-11 23:39:49',NULL,'N',NULL,NULL,NULL),(239,'小歌','小歌','$2a$10$f7lV6U53nyMNOeKzY65bDOfkaAts8XkPx8mIX.CcRlcAjfGwBCYqq','user','女',12,10,1963,'小歌','/images/upload_d53d23605613bd7403afb31c84c7a37c.png','','','','上海','Y','Y','2015-10-12 13:50:24','2015-10-12 13:52:26',NULL,'N',NULL,NULL,NULL),(241,'王欣','王欣','$2a$10$Q8snsjfNdOYjzt3Cogc5yeoWemaSGrJ4LWJVbbE8TYOsJKqn/HjLC','user','女',12,10,1962,'8',NULL,NULL,NULL,NULL,'北京','Y','Y','2015-10-12 18:34:44','2015-10-12 18:51:02','张馨','N',NULL,NULL,NULL),(247,'as@126.com','余玉','$2a$10$7KV7Hvo4HEI.GzbMVMMLRO1QpCnYTJJpgAdByyLbD4Nb4tHB6AXsW','doctor','男',1,1,1990,'12344567891',NULL,'主任','华山','更年期','上海','N','Y','2015-10-12 19:08:24','2015-10-12 19:09:49',NULL,'Y',NULL,NULL,NULL),(249,'88888888','88888888','$2a$10$uSQktSgayL4JbsAL4qdxzOMRJ6Sr3A5gUBwYjWEVeiricNQ.PXcjq','doctor','男',0,0,0,'15000157269','/images/upload_d93b4c6bc7e7867fcd8f632ed575f161.png','我们','活路','不','上海','N','Y','2015-10-12 21:39:13','2015-10-13 10:12:44','000000','Y',NULL,NULL,NULL),(254,'','111111111','$2a$10$jGyRaeh3IcSL1.xjeMK99e6tDOKzZ09aJli67j5zzboLT8i3oooMa','user','男',14,10,1975,'15000147263','/images/upload_c4bbdc71a8538550b67ee195cfcaa076.png','','','','重庆','Y','Y','2015-10-13 07:24:44','2015-10-13 07:25:32','000000','N',NULL,NULL,NULL),(255,'111','里面','$2a$10$3uzJ3188Olldvjfn49r7L.NShWNDzrVp47YGeI2KgZU0owVzVmZf6','doctor','男',0,0,0,'15000023847','/images/upload_dab12d2732c2e6b972d1e0b401d1e338.png','11','1111','111','广东','N','Y','2015-10-13 07:26:04','2015-10-13 07:26:16','000000','N',NULL,NULL,NULL),(263,'121','111111333333','$2a$10$LiM7uHkvyJYTmWkhFOR6deQvAtkAq2tpznc7CLODDdOtV2XfCAaSe','doctor','男',0,0,0,'15000157678',NULL,'wq','qw','qw','重庆','N','Y','2015-10-13 07:28:47','2015-10-13 07:28:47',NULL,'N',NULL,NULL,NULL),(270,'112312','222111222333','$2a$10$c1QD33ov/.d6AHBxBN373eAfDwii7pIp3pfheaNhax0qlPvXql5oC','doctor','男',0,0,0,'13897654328',NULL,'12','123','123','广东','N','Y','2015-10-13 07:30:33','2015-10-13 07:30:33',NULL,'N',NULL,NULL,NULL),(283,'213213','里面111','$2a$10$76kQxyBaNdHWDQFLgfUvBuZ92N2W5RQrS1Y/yhNjy3UqAZqX41Kma','doctor','女',0,0,0,'15000888766','/images/upload_42d6d56132fdb860ccfd72c5f0cfc027.png','wqe','ewqe','qwe','山东','N','Y','2015-10-13 07:53:49','2015-10-13 07:54:41','000000','N',NULL,NULL,NULL),(286,'1231','里面222333','$2a$10$T7yk3by.E/1Csy1VT0yU3.HHbhiN7deFF9VgZO.WrNENkHe3BGXh2','doctor','男',0,0,0,'15000133333','/images/upload_140e2bd2dc300ad6c78869d472c7383b.png','121','11','111','重庆','N','Y','2015-10-13 07:55:49','2015-10-13 07:56:12','000000','Y',NULL,NULL,NULL),(295,'312312321','234324','$2a$10$5Gr0KuNbnn9lTPa4Bop9QuNMMWq6E.ZqU2V66pi0/CDZTXulREb7e','user','男',13,11,1975,'13800077732','/images/upload_cb950eafe5ba341c03829ddc82a8138c.png','','','','江苏','Y','Y','2015-10-13 08:00:10','2015-10-13 08:00:21','000000','N',NULL,NULL,NULL),(300,'123214124','ewqe','$2a$10$ejUKrxbTwWXfK8nl3VueDOtlhcKI865A4IG9PUPiyj.UvjbIqibj2','user','男',13,11,1975,'15000888998','/images/upload_c3272cf4951c710ae1a0744d12ea7f05.png','','','','广东','Y','Y','2015-10-13 08:02:29','2015-10-13 08:05:59','000000','N',NULL,NULL,NULL),(305,'111112','里面111q','$2a$10$Vh7r59llHHsL9.3clBZvVeLXbrqwAJEWnr/jBAvdkZrr7FZkkYhQi','user','男',13,11,1975,'15000123457','/images/upload_534641c85e2e81704c6b2323be38872e.png','','','','福建','Y','Y','2015-10-13 08:07:05','2015-10-13 08:07:50','000000','N',NULL,NULL,NULL),(306,'ra@126.com','蔡天','$2a$10$UVMLpoItfbYb5FUaRlUBre6LGWL3/evRs085Oh0/HON/jOtZNo8Iu','user','女',13,9,1963,'13811426873','/images/upload_09bba8db0600bac16d624650353a798a.png','','','','上海','Y','Y','2015-10-13 23:00:24','2015-10-13 23:10:38',NULL,'N',NULL,NULL,NULL),(313,'RA','蔡文','$2a$10$G.idijSSJxrUkMbGAivavuCXJHpumohBOuPTlEdz0/R96h5i3ZA8m','doctor','男',1,1,1990,'13856972586',NULL,'主任','协和','内分泌','北京','N','Y','2015-10-14 00:07:34','2015-10-14 00:08:07',NULL,'Y',NULL,NULL,NULL),(314,'123456','用心','$2a$10$j7T6.mJKYTXEAK22Y.qRVO8jHT38Na23s/aEpXrULE7mG5qWaPuPG','user','男',13,10,1967,'13052225643','/images/upload_493da6c9f4909c207727162094044764.png','','','','上海','Y','Y','2015-10-14 06:46:12','2015-10-14 16:01:20',NULL,'N',NULL,NULL,NULL),(315,'a@126.com','何佳','$2a$10$6PlCCmwHUMeV.0J92Dq97ekQ3bJe9Buo/6yGee4OOin4RL9KNG0HK','doctor','女',0,0,0,'12345678901','/images/upload_ffa4d6bbc1ed5e5005af3097eca25a38.png','医生','四川医科大学医院','内分泌','四川','N','Y','2015-10-14 11:30:45','2015-10-14 11:41:34',NULL,'Y',NULL,NULL,NULL),(316,'lq@126.com','鲁乔','$2a$10$Ryvj225Iyifi3uu98YMA7uOchIk3h72T8tdenyrM4EneQi9ZU2v7q','user','女',15,10,1966,'13811428672','/images/upload_b8b1ac23dc9b28b39372a959e06a3378.png','','','','山东','Y','Y','2015-10-15 19:21:20','2015-10-15 19:32:45',NULL,'N',NULL,NULL,NULL),(317,'qq@126.com','乔乔','$2a$10$AsPx69XqUMr0oEWY2BXBhuyYPAqP4kXlcQHZRkRBH/1u8DpuYfnJm','doctor','男',0,0,0,'13811428872','/images/upload_9caf6d7e0ba52ab54014720789287967.png','主任','湖北医院','内分泌','湖北','N','Y','2015-10-15 19:49:25','2015-10-15 19:51:38',NULL,'Y',NULL,NULL,NULL),(327,'18656523652','设置','$2a$10$hutge9hWQ1OMvDVbVCdyD.IQXLCAviKG8r/kmpwVzgOQXWm/8LK8q','user','男',15,10,2015,'18656523652',NULL,NULL,NULL,NULL,'阿坝','Y','Y','2015-10-15 22:55:54','2015-10-15 22:56:42',NULL,'N',NULL,NULL,NULL),(328,'foo@bar.com','foo','$2a$10$A0KswoStc.HmfFjWshNiXOvCU7Zv3vnWjq0dV5FdtyqxDNSN3I4Xe','user',NULL,NULL,NULL,NULL,'0002225555',NULL,NULL,NULL,NULL,NULL,'Y','Y','2015-10-16 15:27:07','2015-10-16 15:27:07',NULL,'N',NULL,NULL,NULL),(329,'hello@hello.com','hello','$2a$10$e.hgkwmn9b7nMlZKwRy8o.YS/pVM5.5i6rUi0ate.Ba2PX0nuYL0y','admin',NULL,NULL,NULL,NULL,'11133322222',NULL,NULL,NULL,NULL,NULL,'Y','Y','2015-10-17 15:23:45','2015-10-17 15:23:45',NULL,'N','N',NULL,NULL),(330,NULL,'taylorb','$2a$10$Q7M7aFLDV47HecdTm2sB6.3w0XSsD1YjlmojxDrs5e9izeJyhEdaW','user',NULL,NULL,NULL,NULL,'7247662056',NULL,NULL,NULL,NULL,NULL,'Y','Y','2015-10-18 08:09:55','2015-10-18 08:09:55',NULL,'N','N',NULL,NULL),(336,'2321@qq.com','111111222222333333','$2a$10$t8jZvLqpP10fQkEs.YNEju8iZaO3Zc0hMytYAafM5lS8DnO8NR/3S','user','男',19,6,1975,'15000188999',NULL,'','','','上海','Y','Y','2015-10-19 08:53:36','2015-10-19 08:53:36',NULL,'N','N',NULL,NULL),(337,'213@qq.com','123111999','$2a$10$LPy7z/ea3LBsOsx.ENnd1uTW83Un6wP1YdB9TWd2rVwK6OZxh2L6m','user','男',19,9,1975,'15000666555','/images/upload_efba5835aa97872bc3dc9a4a50938c59.png','','','','上海','Y','Y','2015-10-19 08:57:32','2015-10-19 09:31:16',NULL,'N','N',NULL,NULL),(338,'xue@126.com','eee','$2a$10$Jl3iCKnhosQCojSnVyT0Y.Xi148UXG0lhuF.rYPAMduTZegcP5Ziq','user','女',19,10,1980,'15066668888',NULL,'','','','上海','Y','Y','2015-10-19 10:52:14','2015-10-19 10:52:14',NULL,'N','N',NULL,NULL),(340,NULL,'yun1206','$2a$10$b.CELGbVoF9rJV5yCexmM./pg9ftJC.5Ki.h.qQxRQWTJUYkCs5TK','user','女',19,10,2015,'15033336666',NULL,NULL,NULL,NULL,'安庆','Y','Y','2015-10-19 10:53:37','2015-10-19 10:53:37',NULL,'N','N',NULL,NULL),(342,'yunyun@126.com','杨雪云','$2a$10$yRvRdapepTYtjzed7R3ZNuBjADBS1VEIOnRaQFqXqtn.K9M.yajdS','doctor','女',19,10,2013,'13088892222','/images/upload_0b8cb76e62114b18e180f9574cf769b2.png','医生','华山医院','妇科','重庆','N','Y','2015-10-19 11:07:53','2015-10-19 13:37:22','shirley','N','N',NULL,NULL),(343,NULL,'cece','$2a$10$FydBitRfzbwcUEbezZ1m1emKRThttEHmV6.GNsAKjZu4yX59OBAam','doctor','女',NULL,NULL,NULL,'15033332222',NULL,'医生','华山医院','妇科','安顺','N','Y','2015-10-19 13:18:21','2015-10-19 13:18:21','shirley','N','N',NULL,NULL),(344,'xg@126.com','晓歌','$2a$10$Tj920ElhdWjPhnHtUQ.2ouy4dFkaAl2eRaqzZ0z6teSV4Qeebm0Be','user','女',19,10,1968,'13811428767','/images/upload_8f96940986020a4d823b196a869d1a3e.png','','','','福建','Y','Y','2015-10-19 18:10:36','2015-10-19 19:13:54',NULL,'N','N',NULL,NULL),(345,'YW@126.com','郁文','$2a$10$zT4OCkWOoFgiIis2OsMpueYWKkZ2F82tZUKUGDChgRFA.jtTuwHQW','doctor','男',0,0,0,'13811426789','/images/upload_7efca41e755874d311474f64bce6399f.png','主任','宜昌医院','内分泌科','湖北','N','Y','2015-10-19 18:29:50','2015-10-19 19:40:07',NULL,'Y','N',NULL,NULL),(346,NULL,'张闻','$2a$10$UlRI326HreLAodHTIeuZkuJy9SLNvLpd3M4vvBo4blMu4WiwJm.CS','user','女',19,8,1963,'13811428873',NULL,NULL,NULL,NULL,'北京','Y','Y','2015-10-19 19:29:47','2015-10-19 19:36:57',NULL,'N','N',NULL,NULL),(347,'yg@126.com','阳光','$2a$10$cD9B.Q7sWxfAaOi9hTp5zeeppSMdwAhDlZpxzYqZPXIHXlWUe30ny','user','女',22,9,1965,'13811657890','/images/upload_9698f4cfdd0aa23f80c51dbfa68facf9.png','','','','广东','Y','Y','2015-10-20 10:21:10','2015-10-20 10:25:34',NULL,'N','N',NULL,NULL),(348,'as@qq.com','用户1','$2a$10$2C6BUTJBHr/qVWDl8SPIwuOsM8L0AjXXZzSxne1stg9dEm9AbstWa','user','男',19,10,1966,'13098765432','/images/upload_1805f7efdd88d0222f4a3db2d0bb7809.png','','','','上海','Y','Y','2015-10-20 10:38:12','2015-10-20 10:52:15',NULL,'N','N',NULL,NULL),(349,'sd@qq.com','用户群体','$2a$10$zwtVC0OSEYQ2J0ScbNwfwOXnqldQnBmBuIZquYMLGVoE9ze0X7iu2','user','男',19,10,1962,'13067895432','/images/upload_81921857ec4f2c3c1999974450a66de3.png','','','','上海','Y','Y','2015-10-20 13:05:28','2015-10-20 13:22:04',NULL,'N','N',NULL,NULL),(350,NULL,'ffff','$2a$10$u.498eNU.GL4BrBtYj7yuug1yoDZIdnPlGnybaQ32Cp6WaFa/YKXW','doctor','女',NULL,NULL,NULL,'15088884444',NULL,'医生','华山医院','妇科','安庆','N','Y','2015-10-20 13:16:05','2015-10-20 13:16:05',NULL,'N','N',NULL,NULL),(351,NULL,'xueyun8888','$2a$10$Mu64uUXb3UWk/SnvniM8PuVsvLyRta.Vdauv.du5/WmusTS9vn4ji','user','女',21,10,2015,'15088883333',NULL,NULL,NULL,NULL,'安康','Y','Y','2015-10-20 13:19:35','2015-10-21 23:28:38',NULL,'N','N',NULL,NULL),(352,NULL,'严岩','$2a$10$P0SQPNMS.CfFqO0Ve4vKaOSNFUc.YsyC4g68luVnAB0iBuE1jClsa','user','女',21,10,1974,'13688697631',NULL,NULL,NULL,NULL,'乌鲁木齐','Y','Y','2015-10-21 09:12:17','2015-10-21 09:19:48',NULL,'N','N',NULL,NULL),(353,'企业@126.com','预言','$2a$10$IxOF4yoPMBtarqUAPx3GUeOHfF7.O0YgfBaYWBbM5de9ENfEMURIO','doctor','男',NULL,NULL,NULL,'13811587693',NULL,'主任','宜昌医院','内分泌','宜昌','N','Y','2015-10-21 09:34:39','2015-10-21 10:02:37','郁岩','Y','N',NULL,NULL),(354,'','wqewqe','$2a$10$APnX19aSLyvh1VFFfPfyMOuiVKxjuDxnlHxxclftpF9Kdd2K01WPe','user','男',21,11,1975,'15000126748','/images/upload_23de31e8a0e3cbfc5defc2f0da1430e3.png','','','','台北','Y','Y','2015-10-21 09:35:31','2015-10-21 09:40:06','000000','N','N',NULL,NULL),(355,'','2132eqwewqe','$2a$10$r3GEqBLMgQCwx53TQAOCOOHm94Q9wGWBYOyxihtza2Vehstc0rgJa','doctor','男',0,0,0,'15999233456',NULL,'12321','213213','123321','安庆','N','Y','2015-10-21 09:50:33','2015-10-21 09:50:33',NULL,'N','N',NULL,NULL),(357,'tg@Yahoo.com','先生','$2a$10$SsU/tg2VoU/3BK9KvG8xCe9vlbQ3JjXVccNCV6NG.bPZNIgM/wYr6','doctor','男',NULL,NULL,NULL,'13611768643',NULL,'医生','内蒙医院','内分泌','鄂尔多斯','N','Y','2015-10-21 10:39:00','2015-10-21 10:39:00','郁岩','N','N',NULL,NULL),(358,'','凡高','$2a$10$qPDg69jOn/OX5WgfAxSc6ufW6i8D48VlszrOk6zCfgcdxsi.YsuIi','user','女',19,10,1978,'13678905678','/images/upload_8d2270fb8db66f54287de261dc8e5a17.png','','','','海口','Y','Y','2015-10-21 11:08:08','2015-10-21 11:52:14',NULL,'N','N',NULL,NULL),(359,'','元元','$2a$10$eSU8jXTn2abpa.uzrpzizOJZ74jhZZdSIEmv/LEAqcmIz4GE6OpyK','doctor','女',0,0,0,'14567891233','/images/upload_0d7fe3a146af9185ed353d93f0b037c9.png','主任','厦门医院','更年期','厦门','N','Y','2015-10-21 12:39:48','2015-10-21 12:51:39',NULL,'N','N',NULL,NULL),(362,'','123321qqq','$2a$10$hxzwFbD9sdYgSFwAc4kmW..vS31Q2JUZUeNaWVcfqbaMfi8jmy6dC','doctor','男',0,0,0,'15000','/images/upload_11dec39762a427df8f527519a2e4b687.png','213','3213','123','香港','N','Y','2015-10-21 13:26:38','2015-10-21 13:32:37','000000','Y','N',NULL,NULL),(363,'','1225752','$2a$10$uW77Y2uNFaxRVgjhTz7f.OH3akAzyQlOdKfGtr1J0D8IXdTHSwy6i','doctor','女',0,0,0,'15000874123','/images/upload_999310820003797c5138309fc80256e4.png','，aj','刚刚好','刚刚好','北京','N','Y','2015-10-21 23:29:38','2015-10-21 23:30:50',NULL,'N','N',NULL,NULL),(364,NULL,'yun8888','$2a$10$DIg567.TwhB4KsdbVVWTOuvmBgl2AVd5gXVXXFiB.3Wsiwde04o9S','doctor','女',NULL,NULL,NULL,'13077770000',NULL,'医生','华山医院','妇科','安康','N','Y','2015-10-22 08:37:48','2015-10-22 08:37:48','shirley','N','N',NULL,NULL),(368,NULL,'xue8888','$2a$10$uZ3DQLBGPuQ9MGiA8DYLHesniU4nWl9jA/sYBFsQWgcaVjfc/yGjy','doctor','女',NULL,NULL,NULL,'15066696669',NULL,'医生','华山医院','妇科','安康','N','Y','2015-10-22 08:49:00','2015-10-22 08:49:00','shirley','N','N',NULL,NULL),(371,NULL,'ouyang','$2a$10$53b8A9YwBml.svsMZPnPQeRhca9OqgbumL0cjQUGLJ6yoDWuVHNva','user','男',22,10,2015,'15699995558','/images/upload_0d40755a5b4f5a3cb8aa962a8e135cb9.png',NULL,NULL,NULL,'北京','Y','Y','2015-10-22 08:51:32','2015-10-22 08:54:42',NULL,'N','N',NULL,NULL),(372,'','phjupt','$2a$10$5.JD0rCtL58yNVIFv19T/OexEythnXW9THvJEayEDDLiXnTkN.jky','doctor','男',0,0,0,'15000745852','/images/upload_132fe0501596456e1db7307b8b902753.png','，积极','很啦啦啦','？我','合肥','N','Y','2015-10-22 09:07:01','2015-10-22 09:25:36',NULL,'Y','N',NULL,NULL),(373,NULL,'欧阳','$2a$10$e.4FGmFGQSOl1v4QM6izo.Ei1.wSlqdD14OC0CG1Q7Hx1j1wIZteq','doctor','男',22,8,2015,'18033336666',NULL,'医生','协和医院','妇科','安康','N','Y','2015-10-22 09:16:30','2015-10-22 09:32:19','ouyang欧阳','N','N',NULL,NULL),(374,'xueyun@126.com','雪云','$2a$10$Sh/yIDWhTDajp.9ixlvkiuQ1Hu9vRn.0Jr0/7EYKjLyXpbk8iGSGW','doctor','女',22,6,2015,'13088886666','/images/upload_cbdb3b29ac74309aea336059bdd71891.png','医生','复旦大学附属医院','妇科','上海','N','Y','2015-10-22 10:06:50','2015-10-22 10:18:51','杨雪云','Y','N',NULL,NULL),(375,'123@qq.com','147741','$2a$10$2ge8OvuD3zBZ4IJSz2ThO.ZGHj26.EFQz9CmzXldyCtHpILCbmiku','doctor','男',29,1,1983,'15000157260','/images/upload_92d695785649676470743cf7c89f8bed.png','我gg','hhhh','，哥哥','台北','N','Y','2015-10-22 10:13:08','2015-10-30 10:28:48',NULL,'Y','N',NULL,NULL),(376,NULL,'yyyy','$2a$10$zwauPsGYOYhdHAbeq5gzA.BDyTu1PfBBMwg3i/lMnOFnIy8giUqS.','doctor','女',NULL,NULL,NULL,'15088882222',NULL,'主任','复旦大学附属医院','妇科','大连','N','Y','2015-10-22 14:10:33','2015-10-22 14:19:12','雪云','Y','N',NULL,NULL),(377,NULL,'哈哈','$2a$10$8dM0yhY6MfSPQGRWbChChu/Cwrsm.lk9y1sPWFV9NrmkSOjoE8eJy','user','女',22,10,2015,'15088822233',NULL,NULL,NULL,NULL,'澳门','Y','Y','2015-10-22 14:21:13','2015-10-22 14:21:13',NULL,'N','N',NULL,NULL),(378,'','yyyy8888','$2a$10$8rP24w8ujKV0Xtuq4mEMqObydSYJnkWi5xxRM9JRZEi7w4VLx64de','doctor','女',0,0,0,'15066699996','/images/upload_e627b0ea90236a8912bcac7f49fed4d4.png','主任','华山医院','妇科','琼山','N','Y','2015-10-22 14:36:44','2015-10-22 15:12:35',NULL,'N','N',NULL,NULL),(379,'','qwe','$2a$10$oKwC5PUQ.zqqxNGuq5qEjuRhi8t6Wht0wV/DaV/cnjwfwF7UXkgFK','doctor','男',0,0,0,'15000143234','/images/upload_bd9150097be02a38d46239bcaa93c06a.png','eqwe','wqe','wqe','兰州','N','Y','2015-10-22 15:05:19','2015-10-22 15:08:08','213','N','N',NULL,NULL),(380,'','xxxx','$2a$10$yEZi4hipxKwWXrt8BtGxTOJToIfg.ik3JqZdghjBsB/vvqRcNWKri','user','女',22,10,1982,'15066667777','/images/upload_b5831783b4430539f86900ca27e02b8b.png','','','','沧州','Y','Y','2015-10-22 15:22:27','2015-10-22 16:19:17',NULL,'N','N',NULL,NULL),(381,'','很','$2a$10$hfZTMgOppPT/gTCQECevf.NXeorAp5soEjkX8zfTiArqhLkOlJhpm','user','男',22,10,1977,'11111158888','/images/upload_f9b8dd6d4e147efacc900d1b8bd1321a.png','','','','台北','Y','Y','2015-10-22 16:55:46','2015-10-22 18:49:57',NULL,'N','N',NULL,NULL),(382,NULL,'何荷','$2a$10$WjUlur1P1bdCdUltooEaDuFhn6ax/OAc/MQM3q0PgmuJjrfy.k6Xe','user','女',22,10,1989,'13689743668',NULL,NULL,NULL,NULL,'北海','Y','Y','2015-10-22 16:57:56','2015-10-22 17:03:59',NULL,'N','N',NULL,NULL),(383,'呀@126.com','清晨','$2a$10$i2n1u2Akt6a7xT063XHA4eXx8JCjALws6WufRMuCMvUglaqTGew6q','doctor','男',22,10,2015,'13611428653',NULL,'主任','安阳医院','内分泌','安阳','N','Y','2015-10-22 17:06:01','2015-10-22 17:10:36','张扬','Y','N',NULL,NULL),(384,'','小鸥','$2a$10$dwhUnHADqz40NpDY2.m9h.mjD/ricGPKfngZVTjVloN8wr3ZhBNZW','user','女',22,10,1967,'13711348673',NULL,'','','','常州','Y','Y','2015-10-22 19:34:43','2015-10-22 19:40:56',NULL,'N','N',NULL,NULL),(385,'','雨雨','$2a$10$2YljMICcDRcTX8uOqCLemuWoS9CIRbOsI4zW1KvXnViGVNCiEzEeW','doctor','男',0,0,0,'12311324532',NULL,'主任','合肥医院','内分泌','合肥','N','Y','2015-10-22 19:54:00','2015-10-23 17:48:34','余余','Y','N',NULL,NULL),(386,'yfq@qq.com','用户甲','$2a$10$i72QY2KTV9VyVBB/IhhSOuYXM8JyPfeyrTN.AAMviZB2NKbcjbG.y','user','男',22,10,1954,'13098761234','/images/upload_a04f2d5834fdf5b35d1a7bc269ce1740.png','','','','天津','Y','Y','2015-10-23 05:16:52','2015-10-23 17:39:41',NULL,'N','N',NULL,NULL),(387,'xueyun@126 com','uu','$2a$10$AU3a32PeTNGsp8woLwL8leC/vErFISXxd9EnXmLN5DpT9nUoKEFI.','doctor','女',0,0,0,'15988886666','/images/upload_b5068c53ab62b215f2b0382ff11093f0.png','主任','第一人民医院','妇科','嘉峪关','N','Y','2015-10-23 08:55:56','2015-10-25 06:32:00','雪云','N','N',NULL,NULL),(388,NULL,'xxx','$2a$10$zi5J68qjH1frucLocOuLluQoAJJFw69XCiaaP0l9ir65rfiDrbAjm','user','男',8,6,1963,'13811488673',NULL,NULL,NULL,NULL,'北京','Y','Y','2015-10-23 14:15:02','2015-10-23 14:15:02',NULL,'N','N',NULL,NULL),(389,NULL,'旺旺','$2a$10$TINx0eieCxeksSVwWh3i.O/4gtI4StocTaf9buW0uGEAsJsebk5/i','user','女',23,10,1977,'13811457896','/images/upload_105ce79a51f62a0105ab90b8529272f1.png',NULL,NULL,NULL,'大理','Y','Y','2015-10-23 17:14:53','2015-10-23 17:18:34',NULL,'N','N',NULL,NULL),(390,'我在@126.com','王某','$2a$10$ohupe4yIE4gOdEAFJHb1v.yblK5SEyF6omFE0CvknVJBZpdriBvfq','doctor','男',NULL,NULL,NULL,'13611785698',NULL,'主任','安医','内分泌','安阳','N','Y','2015-10-23 17:20:45','2015-10-23 17:21:30','王卓','Y','N',NULL,NULL),(392,'103@qq.com','456','$2a$10$pK1NgtLTMZQea3NwLK2gtuN3hx/.tXz/kFJUCVA3H9wmKAeSDe022','user','男',24,10,2015,'15056964858',NULL,NULL,NULL,NULL,'安庆','Y','Y','2015-10-24 13:41:15','2015-10-28 00:27:40','日日去','N','N',NULL,NULL),(393,'','。我','$2a$10$jP0aj/71vyAG/l9H7MFOvuZh8RWKE2NypgCYbxopQXo1v.7R9Jv32','user','男',24,10,1978,'15000157426',NULL,'','','','台北','Y','Y','2015-10-24 14:07:59','2015-10-24 14:10:03',NULL,'N','N',NULL,NULL),(394,'','我收拾收拾','$2a$10$ahG.zOi0k9liZwcTnjuTEelgjfk.vVNqC960mbl7bRQgreH9HAISm','user','男',24,10,1978,'15000788885',NULL,'','','','合肥','Y','Y','2015-10-24 14:15:01','2015-10-25 08:28:03',NULL,'N','N',NULL,NULL),(395,'','才才','$2a$10$tNsOMsj6.VfWapH1VPr2wODHGTNOgXBVa2kXzEF1wxU1MXrYeOAjW','user','女',20,6,1971,'14522346789','/images/upload_2dc341e453ed2c1c7678be4b8f9d71b3.png','','','','拉萨','Y','Y','2015-10-24 17:07:25','2015-10-26 10:07:12',NULL,'N','N',NULL,NULL),(396,'','鱼儿','$2a$10$bjKbayvRzG2/9xXjXzGWcOSCaklAqYTV4e04KU7ZLd20U2IlC.Z3G','doctor','男',20,7,1972,'12344567890','/images/upload_dfc728ee08e642c62702cbe52b6ad0cb.png','主任','嘉峪关医院','内分泌','嘉峪关','N','Y','2015-10-24 17:20:42','2015-10-24 19:32:00','余新','Y','N',NULL,NULL),(397,NULL,'ee','$2a$10$lwasBjBHUBI95e4Ie3M0wuysPPu7CqvWM9ElCgIJpORTCRellQtTG','doctor','女',NULL,NULL,NULL,'18022223333',NULL,'主治医生','华山医院','妇科','北京','N','Y','2015-10-24 19:08:52','2015-10-24 19:08:52','xueyun','N','N',NULL,NULL),(398,NULL,'才才安','$2a$10$X6DL99F6y4j3ANCgOvDNieo12RmjU4BzfJSR7euzg3pUXUcBcchkS','user','女',24,10,1983,'13689762589','/images/upload_49ba9aa0d1bf404fe5290ae6ed59e2b9.png',NULL,NULL,NULL,'杭州','Y','Y','2015-10-24 19:13:41','2015-10-24 19:25:59',NULL,'N','N',NULL,NULL),(399,NULL,'鱼儿安','$2a$10$raPo2FwSRXbdKXl/WGpBo.nUYjmCTqW0W2vHfCjPzpzc0WS./F7RC','doctor','男',18,6,1968,'13577568965','/images/upload_82d2251d3ca5085445f13a30b3ac0897.png','主任','男','内分泌','桂林','N','Y','2015-10-24 19:21:36','2015-10-24 19:27:44','郁郁安','Y','N',NULL,NULL),(400,NULL,'oooo','$2a$10$Vx/191B8hZZhtiHV3dB2g.NsoIpFvG/VxBhVM4t3k5K1IZQpmjdFq','user','女',24,10,2015,'15044449999','/images/upload_e844e4bfb3591b08e3019be2326edb34.png',NULL,NULL,NULL,'北京','Y','Y','2015-10-24 21:52:38','2015-10-26 09:10:13',NULL,'N','N',NULL,NULL),(415,'','pp','$2a$10$bRMKZJLcCoAxlA6ite406OSGObPzto0WH6ZBbyZwr4LNcDIlDrcj2','user','女',24,10,1990,'13600008888','/images/upload_b1c83acbf2cfdef6cae2d58cdc2c765e.png','','','','广州','Y','Y','2015-10-24 23:22:17','2015-10-24 23:44:09',NULL,'N','N',NULL,NULL),(416,'','vv','$2a$10$YNG.CUfxa06R6rHMxBBJ9ueGWOnuO91ab7BIYTITfmpwMSIrnCxSu','user','女',25,10,1980,'15022335566',NULL,'','','','上海','Y','Y','2015-10-25 06:52:08','2015-10-25 06:52:08',NULL,'N','N',NULL,NULL),(417,'','11111122','$2a$10$L141GXT8cHMY4lNVaAodr.xBO9j5rySXvjffAiLKGArN1XT4hVFEe','user','男',26,10,1975,'15000157299',NULL,'','','','香港','Y','Y','2015-10-25 17:45:37','2015-10-25 18:03:46',NULL,'N','N',NULL,NULL),(418,'','333eee','$2a$10$EPvdGYRCS6p.OseqiX2g0.7KtDW2KpJjQ7/HIzEsJKsLJ7NjVgxqG','user','男',25,11,1975,'15000167642',NULL,'','','','香港','Y','Y','2015-10-25 18:04:19','2015-10-25 21:44:12',NULL,'N','N',NULL,NULL),(419,'','11223344','$2a$10$m8ydfOIya/1Pp/YLmCHcn.VV0FcYKy1f6copWCROk4gvor4fL85U.','user','男',25,9,1975,'15000123123',NULL,'','','','香港','Y','Y','2015-10-25 21:45:44','2015-10-25 21:45:44',NULL,'N','N',NULL,NULL),(421,'','qqwwee','$2a$10$o8LGDCD0T9KAOIhJr1OnyuvsOXvZHydxvNIy5XJy6c4k6yQVbmGKG','user','男',24,10,1975,'15000157876',NULL,'','','','香港','Y','Y','2015-10-25 22:05:42','2015-10-25 22:09:04',NULL,'N','N',NULL,NULL),(422,'','qqaazz','$2a$10$KKSGroX08yip3NuW5SZHs.9C.rhsW0vy.PLpFmrYU.bBILVV1jCSm','user','男',24,10,1975,'15000222222',NULL,'','','','香港','Y','Y','2015-10-25 22:09:45','2015-10-25 22:16:44',NULL,'N','N',NULL,NULL),(423,'','11qqaazz','$2a$10$Oml6QY9cnyIcR8DxNP5u1e8rAYl/OUsYQE7PD7GBr9Am02Mfjt44e','user','男',26,10,1975,'15000999888',NULL,'','','','北京','Y','Y','2015-10-25 22:17:16','2015-10-25 23:25:39',NULL,'N','N',NULL,NULL),(424,'','www','$2a$10$ciNz/HtOzQk1TnYK.CO5oeg5wzQGFeAmx8hrdY7uV6AZBLYQ3MZjq','user','男',24,10,1975,'15000133332',NULL,'','','','天津','Y','Y','2015-10-25 22:25:09','2015-10-25 22:31:39',NULL,'N','N',NULL,NULL),(425,'','221122','$2a$10$RwfEO2I/o/5fkZHZWlfQeuxzuyZGDX8ichM3cE/nUK170.fEU37A.','user','男',24,10,1975,'15000897654',NULL,'','','','香港','Y','Y','2015-10-25 23:26:22','2015-10-25 23:34:19',NULL,'N','N',NULL,NULL),(426,'','wwwsss','$2a$10$8YTIL2bx9YHIDH9rM8jl4.5C2LiyAsZq3.jQMtNfTowi3G2XVZDNe','user','男',24,10,1975,'15000167736',NULL,'','','','香港','Y','Y','2015-10-25 23:35:06','2015-10-25 23:38:45',NULL,'N','N',NULL,NULL),(429,'','vvvvvv1','$2a$10$FvJsyPd1hyvHeL6dAiMwIuUUpjR6V4krd28WjLZR4Il8Hc2jquRua','user','女',24,10,1975,'15000999880',NULL,'','','','上海','Y','Y','2015-10-25 23:40:46','2015-10-25 23:44:16',NULL,'N','N',NULL,NULL),(430,'','111zzz','$2a$10$I6wIUJN1sOpTKiRmSrZuW.jIcVR2EhNi2aA8YKGViGOdDBRVdmeam','user','男',23,10,1975,'15000167654',NULL,'','','','北京','Y','Y','2015-10-25 23:46:44','2015-10-25 23:50:51',NULL,'N','N',NULL,NULL),(431,'','111sss','$2a$10$.T9SNfsrhQCALfScjdwrU.p5rvSSg/PO5oMqMgnudi2QZA7eb0Y4m','user','男',24,10,1975,'15000177872',NULL,'','','','上海','Y','Y','2015-10-25 23:51:36','2015-10-25 23:52:13',NULL,'N','N',NULL,NULL),(433,'','eeddcc','$2a$10$/usWSLi0Gh8hb2pgrUZFeuxGAoN8wXjAVCoOxNkydP0gTki9ZxUwO','user','男',24,10,1975,'15000667231',NULL,'','','','上海','Y','Y','2015-10-25 23:52:54','2015-10-25 23:57:22',NULL,'N','N',NULL,NULL),(434,'','22wwssxx','$2a$10$pO7hYCgAhGA8I9K8G.WaVO8ceYnRJ9pAPqjfbPNnLDq/cR0xnayAq','user','男',25,10,1975,'15000888765',NULL,'','','','上海','Y','Y','2015-10-25 23:58:08','2015-10-25 23:59:28',NULL,'N','N',NULL,NULL),(435,'','xxxxcc','$2a$10$UT/0r8IU609UmC7Rrozfee14KRKLrQkJLQI5nETZVIztnb0YJ1zjK','user','男',25,10,1975,'15000876543',NULL,'','','','北京','Y','Y','2015-10-25 23:59:57','2015-10-26 13:44:23',NULL,'N','N',NULL,NULL),(436,NULL,'mm','$2a$10$w8fLyoUKdZkkfwlizw5KjuwunOwBqsKd3nwqp3VSvwBL59XrUb.ya','user','女',20,5,2015,'13588882222','/images/upload_4f41ba9ee168828b39be5fde6c961745.png',NULL,NULL,NULL,'北京','Y','Y','2015-10-26 09:36:31','2015-10-26 12:37:22',NULL,'N','N',NULL,NULL),(438,NULL,'cc','$2a$10$igOsTi7tqpV4KRmpmikaZu7lb/Fw245Q7tPBTatbi2FJ1dS3cRjWu','doctor','女',NULL,NULL,NULL,'18022229999',NULL,'医生','华山医院','妇科','北京','N','Y','2015-10-26 09:40:20','2015-10-28 10:53:54','shirley','Y','N',NULL,NULL),(439,NULL,'tt','$2a$10$EJ/3mxBnIUw.T6wG3ZfwdOp373DVpR.Fn.K.84TgO.xQT0Uo.cclu','user','女',20,5,2015,'13022224444',NULL,NULL,NULL,NULL,'上海','Y','Y','2015-10-26 09:41:49','2015-10-27 08:11:51',NULL,'N','N',NULL,NULL),(440,'','君子','$2a$10$..K7K5pqK60oCKUuYp4D3.CiPq6Zr/iosOHzy3/1RCmDbod2ttPrW','user','女',26,10,1971,'13466576789','/images/upload_e2d6bc75eb74d960f834de08fb4d79e3.png','','','','银川','Y','Y','2015-10-26 10:08:24','2015-10-26 11:51:38',NULL,'N','N',NULL,NULL),(441,'','乎乎','$2a$10$/xmAQ7QG.hlVpbNkts0SBuZid.UTt4vJvPaqUII9.mpm0uoCO9PC.','doctor','男',0,0,0,'13411234567','/images/upload_d6c2668143f194b126bc6954a3b6943c.png','主任','马鞍山医院','内分泌','马鞍山','N','Y','2015-10-26 10:55:29','2015-10-30 12:59:00','胡大夫','Y','N',NULL,NULL),(442,'','周户甲','$2a$10$7SyyCuGfbsjo2i0DvWJqN.IoJevL1Ly/f1nSBCCd7Uola2lRjdPl2','user','男',25,11,1959,'13087773211','/images/upload_fb352d1ddd41ff9791a8338be59e1ffd.png','','','','沧州','Y','Y','2015-10-26 11:02:45','2015-10-26 11:40:21',NULL,'N','N',NULL,NULL),(446,'hhh','hh','$2a$10$CimRBYC9E1M3GhpCngDpzOhpWE2bY4WatCfCEdI.xrk9JwCWoamEK','doctor','女',0,0,0,'15023235656',NULL,'主任','华山医院','妇科','合肥','N','Y','2015-10-26 11:49:06','2015-10-26 12:10:24','雪云','Y','N',NULL,NULL),(455,'as@qq.com','医生乙','$2a$10$ZAwqDc/89OHd9xFCujkQyOTsPGXcrdT160xlYWerZFcX31s8viaeK','doctor','男',0,0,0,'13045678978','/images/upload_797d089c33a12c105c06f950396f350e.png','主任医师','协和医院','妇科','北京','N','Y','2015-10-26 13:30:25','2015-10-27 08:16:26','医生','Y','N',NULL,NULL),(456,'hh','aa','$2a$10$waY0/tOvVLBoMb/wGPRneOOEoqCHlI4mJgPhZRGd38tEDeR8IM4J.','user','女',29,10,1980,'18099986665',NULL,'','','','香港','Y','Y','2015-10-29 14:33:23','2015-10-29 16:49:25','shirley','N','N',NULL,NULL),(457,'','dd','$2a$10$EmLCn8CaqntwPZXpWRDqjO.mLf.ngwVhwA/n0fpLZECZxcOuOkQ0.','doctor','女',0,0,0,'15066889900',NULL,'医生','华山医院','妇科','台北','N','Y','2015-10-29 15:45:26','2015-10-29 16:54:59','雪云','Y','N',NULL,NULL),(460,'admin@admin.com','admin','$2a$10$8ZYtrRTPVc/10TYDsxvZtegJ1FOG3Voj9qrAbBfq.MF51DAU05VEa','admin',NULL,NULL,NULL,NULL,'123123123',NULL,NULL,NULL,NULL,NULL,'Y','Y','2016-01-17 00:21:51','2016-01-17 00:21:51',NULL,'N','N',NULL,NULL),(461,'saitama','saitama','$2a$10$CyzazGm.p10iuy.kL1Cqe.ADRQAB9T4LWKd5kekZybUtn.gJX3DeW','user',NULL,NULL,NULL,NULL,'saitama',NULL,NULL,NULL,NULL,NULL,'Y','Y','2016-01-18 01:29:04','2016-01-18 01:29:04',NULL,'N','N',NULL,NULL),(462,'saitama1','saitama1','$2a$10$POZsod1W7Vzaj6a3HihuUe4tYt6084.sgeqdXnvUPeJoYdCCzx4MW','user',NULL,NULL,NULL,NULL,'saitama1',NULL,NULL,NULL,NULL,NULL,'Y','Y','2016-01-18 01:33:14','2016-01-18 01:33:14',NULL,'N','N',NULL,NULL),(463,'saitama2','saitama2','$2a$10$2d735rqgqnWENTvp4UHGjenzvXTbxxcd/GAtRBdQtapq9qjAL/mDu','user',NULL,NULL,NULL,NULL,'saitama2',NULL,NULL,NULL,NULL,NULL,'Y','Y','2016-01-18 01:36:21','2016-01-18 01:36:21',NULL,'N','N',NULL,NULL),(466,'asdfasdf@asdf.com','user','$2a$10$RJKNa9SXXIXW/MgAtt6NGeSaHVU82p9ij0zmANDlqlDH/D6L.013i','user',NULL,NULL,NULL,NULL,'1231151222',NULL,NULL,NULL,NULL,NULL,'Y','Y','2016-01-20 18:58:38','2016-01-20 18:58:38',NULL,'N','N',NULL,NULL),(467,'doctor@doctor.com','doctor','$2a$10$fQARSLAIFv.nyfGqDcXqC.dLgyp2ATFwCh0Gc0hMH1NPTH./4liMC','doctor',NULL,NULL,NULL,NULL,'124134141',NULL,NULL,NULL,NULL,NULL,'N','Y','2016-01-21 16:04:47','2016-01-21 16:04:47',NULL,'N','N',NULL,29),(470,'1223121','user2','$2a$10$0pntLZzeDDx3Vq9GAtZvuuLKOZJOhXeuVS0VkPtwvejSDn93AzdNO','user',NULL,NULL,NULL,NULL,'dfsdfds',NULL,NULL,NULL,NULL,NULL,'Y','Y','2016-01-21 18:29:00','2016-01-21 18:29:00',NULL,'N','N',NULL,NULL),(473,'xhuang0802@gmail.com','lucashuang','$2a$10$z/HC8/2W.gF4/3x9I1z72OugMdZ2..6FsMgTG/E7E0SI9xZxD2Eq2','user','男',29,1,1976,'13725251234',NULL,'','','','北京','Y','Y','2016-01-29 06:40:17','2016-02-08 07:23:45',NULL,'N','N',NULL,29),(475,'user@user.com','userz','$2a$10$APXGduIpZ7OIB6pjzZD95uuh/fw69NDB7GqNlwBdRvrcPrZtOwk3q','user',NULL,NULL,NULL,NULL,'3109785447',NULL,NULL,NULL,NULL,NULL,'Y','Y','2016-01-31 07:04:02','2016-02-09 02:05:42',NULL,'N','N',NULL,NULL),(476,'sdjkfls','doctor2','$2a$10$E7cMg9xsCfEnnZv8r9EGjepZyj8L8nifoVfmFTxgl1ZUxkWAVxAW.','doctor',NULL,NULL,NULL,NULL,'jkldfksl',NULL,NULL,NULL,NULL,NULL,'Y','Y','2016-01-30 23:24:18','2016-02-11 15:53:28',NULL,'N','N',NULL,NULL),(478,'asdfjskadljakl','doctor3','$2a$10$RDWCuW9kTVUd7tLn0xkjIOi7qynr0YBl8CbEFW4iTYH/r53DpKu.S','doctor',NULL,0,0,0,'9998888sdfa',NULL,NULL,NULL,NULL,NULL,'Y','Y','2016-01-31 21:39:10','2016-02-12 06:02:23',NULL,'N','N',64,NULL),(479,'','lucashuangdoc','$2a$10$s2yxzg/CNAvN9dwJOI0.UO0VNApbJ.HHwOInxVAW28APZpl4H2l/W','doctor','男',0,0,0,'13725257890',NULL,'Doc','ONE','ONE','北京','N','Y','2016-02-01 06:18:47','2016-02-05 09:05:18','lucashuang','N','N',NULL,NULL),(485,'','医生测试','$2a$10$yri/b8UVP9bdM52PbHelauUWREc90F4EzgEPB5VnAFBKm9H9Ne/HC','doctor','男',0,0,0,'13052225877',NULL,'主任医师','协和','妇科','北京','N','Y','2016-02-03 07:54:35','2016-02-04 01:00:01','测试','N','N',NULL,NULL),(487,NULL,'pt','$2a$10$brwtmDKlzHRv00eAQ4EQR.hUVeswmtYm.O4XtDX71XiSyN2O0N/Oi','user','女',3,7,1963,'19256408328',NULL,NULL,NULL,NULL,'北京','Y','Y','2016-02-04 02:57:07','2016-02-10 07:51:38',NULL,'N','N',NULL,NULL),(488,'','dr','$2a$10$WNu/tiqAX5c2p9p1cvq7bu8Abn58XgdOQm4Pn46DFC1uDBe4DFXFy','doctor','男',0,0,0,'13098765768',NULL,'主任医师','协和','妇科','北京','N','Y','2016-02-05 08:33:51','2016-02-12 08:33:59','但愿','N','N',65,NULL),(489,'','新春','$2a$10$P0StRu9upMj6fYmvZiYIQON3xAWyF3gVk0jLbXudaxBZ7BZmdOV7i','user','女',6,6,1966,'1381-428873',NULL,'','','','上海','Y','Y','2016-02-06 23:28:27','2016-02-12 08:32:14',NULL,'N','N',NULL,NULL),(490,'','123','$2a$10$s8Yov7TsP/uwTqxkw6LDGOdfCvTXVl3zhJRHVi1RuzcRpxRmrjDUq','user','男',7,3,1976,'13725255678',NULL,'','','','香港','Y','Y','2016-02-08 04:20:46','2016-02-10 03:19:49',NULL,'N','N',NULL,NULL),(491,'sjdkfls@sdjkfls.com','于声','$2a$10$zDr5AyTd46gwOpr4zjWe9e8VGoOOO11ok.SNxQU72NHcDg6ijHhju','user','男',0,0,0,'13901132456',NULL,NULL,NULL,NULL,NULL,'Y','Y','2016-02-12 02:59:49','2016-02-12 20:08:19',NULL,'N','N',NULL,NULL),(492,'','阴春霞','$2a$10$EVHou8L82WyDk.FSX5Kwd.qF0r8ZbJczFg9FH4erwuaefg9ibnsd2','doctor','女',0,0,0,'12345678998',NULL,'主任医师','长春妇产科医院','更年期','长春','N','Y','2016-02-11 23:11:04','2016-02-12 20:39:16','阴春霞','N','N',65,NULL),(494,'','P1','$2a$10$arifftwnc7towr1H4KO.9ukxhYPeqczskUXOXW7xPNSp9MB9N498y','user','女',12,2,1966,'12344567898',NULL,'','','','北京','Y','Y','2016-02-12 09:36:27','2016-02-12 15:22:42',NULL,'N','N',NULL,NULL),(500,'','兰兰','$2a$10$TvhomxrbBcyMM1et9jnrcuPS69O3vAEyNyQczktia/jwtPVzAel/m','user','女',12,2,1968,'13811428673',NULL,'','','','北京','Y','Y','2016-02-12 20:33:53','2016-02-12 20:36:55',NULL,'N','N',NULL,NULL),(501,NULL,'  dzhang','$2a$10$HLZxItp3xsBp0GHKEXYlXOQuiHlsMF8ovtBqyDMCma90w1PVLN60e','doctor','女',NULL,NULL,NULL,'13901125896',NULL,' ','复旦大学医院','更年期','上海','N','Y','2016-02-17 10:56:52','2016-02-17 10:56:52','张','N','N',NULL,NULL),(502,'djksljfkl','doctor4','$2a$10$g93iQSEZoq5phd5sdY.K/ejdMdbqueDSBmhn1b1HJu3c9UMwu.Om6','doctor',NULL,NULL,NULL,NULL,'jkfsldfjkdsl',NULL,NULL,NULL,NULL,NULL,'Y','Y','2016-02-18 12:15:07','2016-02-19 03:11:14',NULL,'N','N',NULL,29),(504,'randhir@mobilyte.com','randhir','$2a$10$O0gUZ.lnqA7yISqPCiDNjuvVF.zv5viD8GCQrZQP86qqCQLZNJc5C','doctor',NULL,NULL,NULL,NULL,'987654321',NULL,NULL,NULL,NULL,NULL,'N','Y','2016-03-15 02:27:47','2016-03-15 02:27:47',NULL,'N','N',NULL,NULL);
/*!40000 ALTER TABLE `users` ENABLE KEYS */;
UNLOCK TABLES;
/*!40103 SET TIME_ZONE=@OLD_TIME_ZONE */;

/*!40101 SET SQL_MODE=@OLD_SQL_MODE */;
/*!40014 SET FOREIGN_KEY_CHECKS=@OLD_FOREIGN_KEY_CHECKS */;
/*!40014 SET UNIQUE_CHECKS=@OLD_UNIQUE_CHECKS */;
/*!40101 SET CHARACTER_SET_CLIENT=@OLD_CHARACTER_SET_CLIENT */;
/*!40101 SET CHARACTER_SET_RESULTS=@OLD_CHARACTER_SET_RESULTS */;
/*!40101 SET COLLATION_CONNECTION=@OLD_COLLATION_CONNECTION */;
/*!40111 SET SQL_NOTES=@OLD_SQL_NOTES */;

-- Dump completed on 2016-05-18  3:54:38
